_id,route_id,route_short_name,route_long_name,route_type,route_color,route_text_color
1,1000,526,ΣΤΑΘΜΟΣ ΚΗΦΙΣΙΑΣ - ΚΕΦΑΛΑΡΙ (ΚΥΚΛΙΚΗ),3,153CE0,FFFFFF
2,1001,524,ΣΤΑΘΜΟΣ ΚΗΦΙΣΙΑΣ - ΠΟΛΙΤΕΙΑ (ΚΥΚΛΙΚΗ),3,153CE0,FFFFFF
3,1004,221,ΠΑΝΕΠΙΣΤΗΜΙΟΥΠΟΛΗ - ΑΚΑΔΗΜΙΑ (ΚΥΚΛΙΚΗ),3,153CE0,FFFFFF
4,1005,316,ΣΤ. ΝΟΜΙΣΜΑΤΟΚΟΠΕΙΟ - ΑΡΤΕΜΙΣ,3,153CE0,FFFFFF
5,1006,309,ΚΟΡΩΠΙ - ΣΤ. ΠΡΟΑΣΤΙΑΚΟΥ - ΚΟΡΩΠΙ (ΚΥΚΛΙΚΗ),3,153CE0,FFFFFF
6,1007,653,ΨΥΧΙΚΟ - ΠΑΝΟΡΜΟΥ Β (ΚΥΚΛΙΚΗ),3,153CE0,FFFFFF
7,1008,115,ΓΛΥΦΑΔΑ - ΒΟΥΛΙΑΓΜΕΝΗ - ΚΙΤΣΙ,3,153CE0,FFFFFF
8,1009,836,ΠΛ. ΚΟΥΜΟΥΝΔΟΥΡΟΥ - ΠΑΛΑΣΚΑ,3,153CE0,FFFFFF
9,1010,818,ΛΙΜ. ΠΕΡΑΜΑΤΟΣ - ΑΝΩ ΠΕΡΑΜΑ (ΚΥΚΛΙΚΗ),3,153CE0,FFFFFF
10,1011,838,ΟΜΟΝΟΙΑ - ΡΕΝΤΗΣ - ΠΑΛ. ΚΟΚΚΙΝΙΑ (ΚΥΚΛΙΚΗ),3,153CE0,FFFFFF
11,1013,859,ΠΕΙΡΑΙΑΣ-ΔΕΞΑΜΕΝΕΣ-ΝΕΟΣ ΜΩΛΟΣ ΔΡΑΠΕΤΣΩΝΑΣ (ΚΥΚΛΙΚΗ),3,153CE0,FFFFFF
12,1014,860,Π. ΦΑΛΗΡΟ - ΓΕΝ. ΚΡΑΤΙΚΟ ΝΙΚΑΙΑΣ - ΣΧΙΣΤΟ ΚΕΡΑΤΣΙΝΙΟΥ,3,153CE0,FFFFFF
13,1015,904,ΠΛ. ΚΑΡΑΪΣΚΑΚΗ - ΣΤ. ΠΕΙΡΑΙΑ - ΦΡΕΑΤΤΥΔΑ (ΚΥΚΛΙΚΗ),3,153CE0,FFFFFF
14,1017,911,ΣΤΑΘ. ΚΑΛΛΙΘΕΑΣ - ΙΔΡ. ΤΥΦΛΩΝ (ΚΥΚΛΙΚΗ),3,153CE0,FFFFFF
15,1018,915,ΛΟΦΟΣ ΒΩΚΟΥ - ΠΡ. ΗΛΙΑΣ (ΚΥΚΛΙΚΗ),3,153CE0,FFFFFF
16,1020,Α10,ΣΤΑΘΜΟΣ ΛΑΡΙΣΗΣ - ΑΧΑΡΝΑΙ,3,153CE0,FFFFFF
17,1021,Β10,ΣΤΑΘΜΟΣ ΛΑΡΙΣΗΣ - ΑΧΑΡΝΑΙ (ΜΕΣΩ ΑΡΙΣΤΟΤΕΛΟΥΣ),3,153CE0,FFFFFF
18,1022,702,ΤΟΠΙΚΗ ΚΑΜΑΤΕΡΟΥ (ΣΧΟΛΙΚΗ) (ΚΥΚΛΙΚΗ),3,153CE0,FFFFFF
19,1023,Β9,ΧΑΛΚΟΚΟΝΔΥΛΗ - ΜΕΤΑΜΟΡΦΩΣΗ - Ν. ΚΗΦΙΣΙΑ,3,153CE0,FFFFFF
20,1024,Β5,ΣΤ. ΛΑΡΙΣΗΣ - Λ. ΑΛΕΞΑΝΔΡΑΣ - ΑΓ. ΠΑΡΑΣΚΕΥΗ,3,153CE0,FFFFFF
21,1025,Χ95,ΣΥΝΤΑΓΜΑ - ΑΕΡΟΛ. ΑΘΗΝΩΝ (EXPRESS),3,153CE0,FFFFFF
22,1026,106,ΑΓ. ΒΑΡΒΑΡΑ - ΣΤ. ΣΥΓΓΡΟΥ ΦΙΞ (ΚΥΚΛΙΚΗ),3,153CE0,FFFFFF
23,1027,126,ΠΑΛ. ΦΑΛΗΡΟ - ΣΤ. ΣΥΓΓΡΟΥ ΦΙΞ (ΚΥΚΛΙΚΗ),3,153CE0,FFFFFF
24,1028,112,ΑΓ. ΔΗΜΗΤΡΙΟΣ - ΣΤ. ΔΑΦΝΗ (ΚΥΚΛΙΚΗ),3,153CE0,FFFFFF
25,1030,137,ΑΝΩ Ν. ΣΜΥΡΝΗ Α - ΣΤ. ΣΥΓΓΡΟΥ ΦΙΞ (ΚΥΚΛΙΚΗ),3,153CE0,FFFFFF
26,1031,136,ΑΝΩ Ν. ΣΜΥΡΝΗ Β - ΣΤ. ΣΥΓΓΡΟΥ ΦΙΞ (ΚΥΚΛΙΚΗ),3,153CE0,FFFFFF
27,1032,141,ΣΤ. ΔΑΦΝΗ - ΚΑΛΑΜΑΚΙ (ΚΥΚΛΙΚΗ),3,153CE0,FFFFFF
28,1033,217,ΠΕΙΡΑΙΑΣ - ΑΓ. ΔΗΜΗΤΡΙΟΣ - ΣΤ. ΔΑΦΝΗ,3,153CE0,FFFFFF
29,1034,229,ΠΕΙΡΑΙΑΣ - ΑΓ. ΔΗΜΗΤΡΙΟΣ - ΣΤ. ΔΑΦΝΗ,3,153CE0,FFFFFF
30,1035,218,ΠΕΙΡΑΙΑΣ - ΣΤ. ΔΑΦΝΗ,3,153CE0,FFFFFF
31,1036,219,ΣΤ. ΚΑΛΛΙΘΕΑ - ΑΓ. ΔΗΜΗΤΡΙΟΣ,3,153CE0,FFFFFF
32,1037,816,ΤΑΥΡΟΣ - ΑΓ. ΔΗΜΗΤΡΙΟΣ,3,153CE0,FFFFFF
33,1039,302,ΣΤ. ΔΟΥΚ. ΠΛΑΚΕΝΤΙΑΣ - ΓΕΡΑΚΑΣ (ΚΥΚΛΙΚΗ),3,153CE0,FFFFFF
34,1041,307,ΣΤ. Δ.ΠΛΑΚΕΝΤΙΑΣ - ΓΛ. ΝΕΡΑ - ΣΤ.ΠΡΟΑΣΤ. ΚΟΡΩΠΙ,3,153CE0,FFFFFF
35,1042,306,ΣΤ.ΔΟΥΚ.ΠΛΑΚΕΝΤΙΑΣ-ΔΗΜ.ΓΕΡΑΚΑ-ΜΠΑΛΑΝΑ ΓΕΡΑΚΑ (ΚΥΚΛΙΚΗ),3,153CE0,FFFFFF
36,1043,330,ΚΟΡΩΠΙ - ΑΓ. ΜΑΡΙΝΑ (ΚΥΚΛΙΚΗ),3,153CE0,FFFFFF
37,1045,323,ΑΓ.ΝΙΚΟΛΑΟΣ -  ΑΓ.ΚΥΡΙΑΚΗ -  ΒΡΑΥΡΩΝΑ (ΚΥΚΛΙΚΗ),3,153CE0,FFFFFF
38,1047,319,ΣΤ. ΔΟΥΚ. ΠΛΑΚΕΝΤΙΑΣ - ΠΑΛΛΗΝΗ - ΕΚΠΤ. ΧΩΡΙΟ ΣΠΑΤΑ (ΚΥΚΛΙΚΗ),3,153CE0,FFFFFF
39,1050,402,ΣΤ. ΚΑΤΕΧΑΚΗ - ΠΟΛΥΔΡΟΣΟ,3,153CE0,FFFFFF
40,1053,411,ΣΤ. ΔΟΥΚ. ΠΛΑΚΕΝΤΙΑΣ - ΣΙΣΜΑΝΟΓΛΕΙΟ - ΧΑΛΑΝΔΡΙ (ΚΥΚΛΙΚΗ),3,153CE0,FFFFFF
41,1055,446,ΣΤ. ΑΜΑΡΟΥΣΙΟΥ - ΝΟΣΟΚ. ΠΕΝΤΕΛΗΣ (ΜΕΣΩ ΠΙΚΠΑ),3,153CE0,FFFFFF
42,1056,444,ΣΤ. ΕΙΡΗΝΗ - ΓΑΛΑΤΣΙ - ΣΤ. ΑΝΩ ΠΑΤΗΣΙΑ (ΚΥΚΛΙΚΗ),3,153CE0,FFFFFF
43,1057,651,ΨΥΧΙΚΟ - ΠΑΝΟΡΜΟΥ Α (ΚΥΚΛΙΚΗ),3,153CE0,FFFFFF
44,1058,Α5,ΑΚΑΔΗΜΙΑ - ΑΓ. ΠΑΡΑΣΚΕΥΗ - ΑΝΘΟΥΣΑ,3,153CE0,FFFFFF
45,1059,450,ΣΤ. ΧΑΛΑΝΔΡΙ - ΧΑΛΑΝΔΡΙ - Ν. ΠΕΝΤΕΛΗ,3,153CE0,FFFFFF
46,1060,451,ΣΤ. ΧΑΛΑΝΔΡΙ - Ν. ΠΕΝΤΕΛΗ - ΧΑΛΑΝΔΡΙ (ΚΥΚΛΙΚΗ),3,153CE0,FFFFFF
47,1061,460,ΣΤ. ΧΑΛΑΝΔΡΙ - ΧΑΛΑΝΔΡΙ - Π. ΠΕΝΤΕΛΗ,3,153CE0,FFFFFF
48,1062,461,ΣΤ. ΧΑΛΑΝΔΡΙ - Π. ΠΕΝΤΕΛΗ - ΧΑΛΑΝΔΡΙ (ΚΥΚΛΙΚΗ),3,153CE0,FFFFFF
49,1063,619,ΜΕΤΑΜΟΡΦΩΣΗ - Ν. ΦΙΛΑΔΕΛΦΕΙΑ - ΣΤ. ΑΝΩ ΠΑΤΗΣΙΑ (ΚΥΚΛΙΚΗ),3,153CE0,FFFFFF
50,1064,724, ΑΧΑΡΝΑΙ (ΜΕΣΟΝΥΧΙ) - Ν. ΙΩΝΙΑ (ΚΥΚΛΙΚΗ) ,3,153CE0,FFFFFF
51,1065,740,ΟΛΥΜΠ. ΧΩΡΙΟ - ΣΚΑ - ΑΧΑΡΝΑΙ - ΑΓ. ΑΝΝΑ (ΚΥΚΛΙΚΗ),3,153CE0,FFFFFF
52,1066,823,ΣΤ. ΑΓ. ΑΝΤΩΝΙΟΣ - ΑΓ. ΒΑΣΙΛΕΙΟΣ (ΚΥΚΛΙΚΗ),3,153CE0,FFFFFF
53,1067,822,ΣΤ. ΑΓ. ΑΝΤΩΝΙΟΣ - ΝΕΑ ΖΩΗ (ΚΥΚΛΙΚΗ),3,153CE0,FFFFFF
54,1068,3,Ν. ΦΙΛΑΔΕΛΦΕΙΑ - ΑΝΩ ΠΑΤΗΣΙΑ - ΝΕΟ ΨΥΧΙΚΟ,11,F19A1E,000000
55,1069,1,ΠΛ. ΑΤΤΙΚΗΣ - ΚΑΛΛΙΘΕΑ - ΜΟΣΧΑΤΟ,11,F19A1E,000000
56,1070,2,ΑΝΩ ΚΥΨΕΛΗ - ΠΑΓΚΡΑΤΙ - ΚΑΙΣΑΡΙΑΝΗ,11,F19A1E,000000
57,1071,4,ΑΝΩ ΚΥΨΕΛΗ - ΑΓ. ΑΡΤΕΜΙΟΣ - ΣΤ. ΑΓ. ΙΩΑΝΝΗΣ,11,F19A1E,000000
58,1072,5,ΛΑΜΠΡΙΝΗ - ΠΛ. ΣΥΝΤΑΓΜΑΤΟΣ - ΤΖΙΤΖΙΦΙΕΣ,11,F19A1E,000000
59,1073,6,ΙΠΠΟΚΡΑΤΟΥΣ - ΚΟΣΜΑΣ ΑΙΤΩΛΟΣ - Ν. ΦΙΛΑΔΕΛΦΕΙΑ,11,F19A1E,000000
60,1074,15,ΠΕΤΡΑΛΩΝΑ - ΔΙΚΑΣΤΗΡΙΑ - ΕΛ. ΒΕΝΙΖΕΛΟΥ,11,F19A1E,000000
61,1076,16,ΑΓ. ΙΩΑΝΝΗΣ ΡΕΝΤΗΣ - ΠΕΙΡΑΙΑΣ (ΚΥΚΛΙΚΗ),11,F19A1E,000000
62,1077,10,ΤΖΙΤΖΙΦΙΕΣ - ΧΑΛΑΝΔΡΙ,11,F19A1E,000000
63,1078,14 ,ΛΑΜΠΡΙΝΗ - Λ. ΑΛΕΞΑΝΔΡΑΣ - ΓΗΡΟΚΟΜΕΙΟ,11,F19A1E,000000
64,1079,11,ΑΝΩ ΠΑΤΗΣΙΑ - Ν. ΠΑΓΚΡΑΤΙ - Ν. ΕΛΒΕΤΙΑ,11,F19A1E,000000
65,1080,12,ΖΑΠΠΕΙΟ - ΠΕΡΙΣΤΕΡΙ (ΑΓ. ΙΕΡΟΘΕΟΣ),11,F19A1E,000000
66,1081,24,ΠΕΤΡΟΥΠΟΛΗ - ΙΛΙΟΝ - ΣΤ. ΑΓ. ΑΝΤΩΝΙΟΣ (ΚΥΚΛΙΚΗ),11,F19A1E,000000
67,1082,21,ΝΙΚΑΙΑ - Π. ΡΑΛΛΗ - ΟΜΟΝΟΙΑ (ΚΥΚΛΙΚΗ),11,F19A1E,000000
68,1083,20,Ν. ΦΑΛΗΡΟ - ΚΑΣΤΕΛΛΑ - ΔΡΑΠΕΤΣΩΝΑ,11,F19A1E,000000
69,1084,19,ΜΟΥΣΕΙΟ - ΣΤ. ΧΑΛΑΝΔΡΙΟΥ (ΣΙΔΕΡΑ),11,F19A1E,000000
70,1085,18,ΜΟΥΣΕΙΟ - ΧΑΛΑΝΔΡΙ (ΜΕΣΩ ΕΘΝ. ΑΝΤΙΣΤΑΣΕΩΣ),11,F19A1E,000000
71,1086,17,ΠΕΙΡΑΙΑΣ - ΑΓ. ΓΕΩΡΓΙΟΣ (ΚΥΚΛΙΚΗ),11,F19A1E,000000
72,1113,032,ΓΟΥΔΗ - ΜΑΡΑΣΛΕΙΟΣ (ΣΧΟΛΙΚΗ),3,153CE0,FFFFFF
73,1114,801,ΠΕΙΡΑΙΑΣ - ΠΑΛΑΣΚΑ ,3,153CE0,FFFFFF
74,1117,871Τ,ΠΕΙΡΑΙΑΣ - ΣΧΙΣΤΟ (ΚΥΚΛΙΚΗ),3,153CE0,FFFFFF
75,1124,123,ΣΑΡΩΝΙΔΑ-ΑΝΑΒΥΣΣΟΣ-ΠΑΛΑΙΑ ΦΩΚΑΙΑ (ΚΥΚΛΙΚΗ),3,153CE0,FFFFFF
76,1129,324,ΑΝΘΟΥΣΑ-ΠΑΛΛΗΝΗ-ΚΑΝΤΖΑ (ΚΥΚΛΙΚΗ),3,153CE0,FFFFFF
77,1131,709,ΤΟΠΙΚΟ ΔΡΟΣΟΥΠΟΛΗΣ (ΚΥΚΛΙΚΗ),3,153CE0,FFFFFF
78,1133,725,ΑΧΑΡΝΑΙ (ΜΕΣΟΝΥΧΙ) - ΘΡΑΚΟΜΑΚΕΔΟΝΕΣ (ΠΛ.ΑΡΙΣΤΟΤΕΛΟΥΣ)  (ΚΥΚΛΙΚΗ),3,153CE0,FFFFFF
79,1134,726,ΑΧΑΡΝΑΙ (ΜΕΣΟΝΥΧΙ) - ΘΡΑΚΟΜΑΚΕΔΟΝΕΣ (BOYNO)   (ΚΥΚΛΙΚΗ),3,153CE0,FFFFFF
80,1137,832,ΕΥΓΕΝΕΙΑ-ΧΑΡΑΥΓΗ-ΠΕΙΡΑΙΑΣ Α (ΚΥΚΛΙΚΗ),3,153CE0,FFFFFF
81,1144,755,ΑΧΑΡΝΑΙ-ΚΟΚΚΙΝΟΣ ΜΥΛΟΣ-ΣΤ. ΚΑΤΩ ΠΑΤΗΣΙΑ (ΚΥΚΛΙΚΗ),3,153CE0,FFFFFF
82,1147,727,ΜΕΣΟΝΥΧΙ - ΑΓ. ΚΩΝΣΤΑΝΤΙΝΟΣ - ΑΓ.ΠΑΡΑΣΚΕΥΗ (ΚΥΚΛΙΚΗ),3,153CE0,FFFFFF
83,1151,021,ΠΛΑΤΕΙΑ ΚΑΝΙΓΓΟΣ - ΓΚΥΖH (ΚΥΚΛΙΚΗ),3,153CE0,FFFFFF
84,1153,Χ96,ΠΕΙΡΑΙΑΣ - ΑΕΡ/ΝΑΣ ΑΘΗΝΩΝ (EXPRESS)-ΝΥΧΤΕΡΙΝΗ,3,153CE0,FFFFFF
85,1158,25,ΣΤ. ΑΓ. ΑΝΤΩΝΙΟΣ - ΙΛΙΟΝ - ΚΑΜΑΤΕΡΟ (ΚΥΚΛΙΚΗ),11,F19A1E,000000
86,1162,301,ΣΤ. ΔΟΥΚ. ΠΛΑΚΕΝΤΙΑΣ - ΑΝΘΟΥΣΑ - ΠΕΝΤΕΛΗ (ΚΥΚΛΙΚΗ),3,153CE0,FFFFFF
87,1164,420,ΠΕΙΡΑΙΑΣ - ΑΓ. ΑΝΑΡΓΥΡΟΙ  (ΜΕΣΩ ΚΗΦΙΣΟΥ) ,3,153CE0,FFFFFF
88,1165,301Β,ΣΤ. ΔΟΥΚ. ΠΛΑΚΕΝΤΙΑΣ-ΑΝΘΟΥΣΑ-ΠΕΝΤΕΛΗ (ΚΥΚΛΙΚΗ),3,153CE0,FFFFFF
89,1172,206,ΑΓ.ΜΑΡΙΝΑ - ΣΤ. ΔΑΦΝΗΣ (ΚΥΚΛΙΚΗ),3,153CE0,FFFFFF
90,1173,237,ΑΝΩ ΗΛΙΟΥΠΟΛΗ - ΣΤ. ΔΑΦΝΗΣ (ΚΥΚΛΙΚΗ),3,153CE0,FFFFFF
91,1175,131,ΑΜΑΞ. ΑΓ. ΔΗΜΗΤΡΙΟΥ - ΣΤ. ΔΑΦΝΗΣ (ΚΥΚΛΙΚΗ),3,153CE0,FFFFFF
92,1176,201,ΣΤ. ΑΓ. ΔΗΜΗΤΡΙΟΣ - ΑΡΓΥΡΟΥΠΟΛΗ (ΚΥΚΛΙΚΗ),3,153CE0,FFFFFF
93,1178,204Β,ΕΚΕΜΣ - ΑΚΑΔΗΜΙΑ(ΚΥΚΛΙΚΗ),3,153CE0,FFFFFF
94,1183,891,ΑΓ. ΒΑΡΒΑΡΑ - ΑΙΓΑΛΕΩ - ΠΕΡΙΣΤΕΡΙ - ΣΤΑΘ. ΑΤΤΙΚΗΣ (ΚΥΚΛΙΚΗ),3,153CE0,FFFFFF
95,1184,Α8,ΠΟΛΥΤΕΧΝΕΙΟ - Ν. ΙΩΝΙΑ - ΜΑΡΟΥΣΙ (ΕΝΑΛΛΑΚΤΙΚΗ ΛΟΓΩ ΑΓΩΝΑ-ΟΑΚΑ),3,153CE0,FFFFFF
96,1187,509,ΖΗΡΙΝΕΙΟ - ΑΓ. ΣΤΕΦΑΝΟΣ - ΚΡΥΟΝΕΡΙ,3,153CE0,FFFFFF
97,1188,444,ΣΤ. ΕΙΡΗΝΗ - ΓΑΛΑΤΣΙ - ΣΤ. ΑΝΩ ΠΑΤΗΣΙΑ (ΕΝΑΛΛΑΚΤΙΚΗ ΛΟΓΩ ΑΓΩΝΑ-ΟΑΚΑ),3,153CE0,FFFFFF
98,1190,410,Ο.Α.Κ.Α. - ΑΝΩ ΜΕΛΙΣΣΙΑ (ΕΝΑΛΛΑΚΤΙΚΗ ΛΟΓΩ ΑΓΩΝΑ-ΟΑΚΑ),3,153CE0,FFFFFF
99,1197,833,ΕΥΓΕΝΕΙΑ-ΧΑΡΑΥΓΗ-ΠΕΙΡΑΙΑΣ Β (ΚΥΚΛΙΚΗ),3,153CE0,FFFFFF
100,1202,712,ΑΧΑΡΝΑΙ-ΕΡΓ. ΠΟΛΥΚΑΤΟΙΚΙΕΣ-Α. ΛΙΟΣΙΑ (ΠΑΝΟΡΑΜΑ) ,3,153CE0,FFFFFF
101,1203,Ε90,ΠΕΙΡΑΙΑΣ - ΠΑΝΕΠΙΣΤΗΜΙΟΥΠΟΛΗ (ΣΧΟΛΙΚΗ EXPRESS),3,153CE0,FFFFFF
102,1205,509,ΖΗΡΙΝΕΙΟ - ΑΓ. ΣΤΕΦΑΝΟΣ - ΚΡΥΟΝΕΡΙ (ΜΕΧΡΙ ΚΥΝΟΥΡΙΑ),3,153CE0,FFFFFF
103,1209,822,ΣΤ.ΑΓ.ΑΝΤΩΝΙΟΣ -ΝΕΑ ΖΩΗ (ΑΠΟ ΑΛΣΟΣ ΝΕΑ ΖΩΗ ΕΩΣ ΟΜΟΝΟΙΑ),3,153CE0,FFFFFF
104,1210,822,ΣΤ.ΑΓ.ΑΝΤΩΝΙΟΣ -ΝΕΑ ΖΩΗ (ΑΠΟ ΑΛΣΟΣ ΝΕΑ ΖΩΗ ΕΩΣ ΣΤ. ΑΓ.ΑΝΤΩΝΙΟΣ),3,153CE0,FFFFFF
105,1211,822,ΣΤ.ΑΓ.ΑΝΤΩΝΙΟΣ -ΝΕΑ ΖΩΗ (ΑΠΟ ΣΤ. ΑΓ.ΑΝΤΩΝΙΟΣ ΕΩΣ ΑΛΣΟΣ ΝΕΑ ΖΩΗ),3,153CE0,FFFFFF
106,1212,509,ΖΗΡΙΝΕΙΟ - ΑΓ. ΣΤΕΦΑΝΟΣ (ΠΕΥΚΟΦΥΤΟ) - ΚΡΥΟΝΕΡΙ (ΜΕΧΡΙ ΚΥΝΟΥΡΙΑ),3,153CE0,FFFFFF
107,1219,036,ΣΤ. ΚΑΤΕΧΑΚΗ -ΣΤ. ΠΑΝΟΡΜΟΥ-ΓΑΛΑΤΣΙ-ΚΥΨΕΛΗ (ΜΕΧΡΙ ΠΛΑΤΕΙΑ ΚΥΨΕΛΗΣ),3,153CE0,FFFFFF
108,1220,036,ΣΤ. ΚΑΤΕΧΑΚΗ -ΣΤ. ΠΑΝΟΡΜΟΥ-ΓΑΛΑΤΣΙ-ΚΥΨΕΛΗ (ΑΠΟ ΠΛΑΤΕΙΑ ΚΥΨΕΛΗΣ),3,153CE0,FFFFFF
109,1221,106,ΑΓ. ΒΑΡΒΑΡΑ - ΣΤ. ΣΥΓΓΡΟΥ ΦΙΞ (ΕΩΣ ΑΚΑΔΗΜΙΑ),3,153CE0,FFFFFF
110,1223,326,ΣΤ. ΚΑΝΤΖΑ - ΣΠΑΤΑ - ΑΡΤΕΜΙΣ (ΚΥΚΛΙΚΗ),3,153CE0,FFFFFF
111,1228,831,ΠΕΙΡΑΙΑΣ-ΑΙΓΑΛΕΩ (ΕΝΑΛΛΑΚΤΙΚΗ ΛΟΓΩ ΛΑΪΚΗΣ ΚΑΘΕ ΔΕΥΤΕΡΑ),3,153CE0,FFFFFF
112,1236,416,ΣΤ.ΕΘΝ.ΑΜΥΝΑΣ - ΧΟΛΑΡΓΟΣ (ΚΥΚΛΙΚΗ),3,153CE0,FFFFFF
113,1237,418,ΣΤ. ΕΘΝΙΚΗΣ ΑΜΥΝΑΣ-ΣΧΟΛ. ΧΟΛΑΡΓΟΥ (ΚΥΚΛΙΚΗ),3,153CE0,FFFFFF
114,1241,310,ΜΑΡΑΘΩΝΑΣ-ΝΕΑ ΜΑΚΡΗ-ΡΑΦΗΝΑ-ΜΑΤΙ-ΜΑΡΑΘΩΝΑΣ (ΚΥΚΛΙΚΗ),3,153CE0,FFFFFF
115,1244,700,ΠΕΤΡΟΥΠΟΛΗ (ΑΓ. ΤΡΙΑΔΑ)-ΣΤ. ΑΝΘΟΥΠΟΛΗ (ΚΥΚΛΙΚΗ),3,153CE0,FFFFFF
116,1247,706,ΣΤ. ΑΓ. ΑΝΤΩΝΙΟΣ-ΙΛΙΟΝ (ΜΕΣΩ Λ. ΑΝ. ΠΑΠΑΝΔΡΕΟΥ),3,153CE0,FFFFFF
117,1259,749,ΟΙΚΙΣΜΟΣ ΓΕΝΝΗΜΑΤΑ-ΣΤ. ΠΡΟΑΣΤΙΑΚΟΥ (ΚΥΚΛΙΚΗ),3,153CE0,FFFFFF
118,1260,535Α,ΖΗΡΙΝΕΙΟ - ΕΥΞΕΙΝΟΣ ΠΟΝΤΟΣ - ΦΡΑΓΜΑ - ΚΑΛΕΤΖΙ (ΚΥΚΛΙΚΗ),3,153CE0,FFFFFF
119,1262,890,ΣΤ. ΑΓ. ΜΑΡΙΝΑ - ΝΑΥΠΗΓΕΙΑ ΣΚΑΡΑΜΑΓΚΑ,3,153CE0,FFFFFF
120,1264,790,ΓΛΥΦΑΔΑ - ΠΕΡΙΣΤΕΡΙ (ΑΓ. ΑΝΤΩΝΙΟΣ) ΝΥΧΤΕΡΙΝΗ,3,153CE0,FFFFFF
121,1270,865,ΑΜΑΞΟΣΤΑΣΙΟ ΒΟΤΑΝΙΚΟΥ - ΜΑΝΔΡΑ,3,153CE0,FFFFFF
122,1271,314,ΣΤ.ΔΟΥΚ.ΠΛΑΚΕΝΤΙΑΣ - ΠΑΛΛΗΝΗ - ΡΑΦΗΝΑ (ΜΕΣΩ ΠΑΝΟΡΑΜΑΤΟΣ),3,153CE0,FFFFFF
123,1272,314,ΣΤ.ΔΟΥΚ.ΠΛΑΚΕΝΤΙΑΣ - ΠΑΛΛΗΝΗ - ΡΑΦΗΝΑ,3,153CE0,FFFFFF
124,1275,15,ΠΕΤΡΑΛΩΝΑ - ΔΙΚΑΣΤΗΡΙΑ - ΕΛ. ΒΕΝΙΖΕΛΟΥ (ΕΩΣ ΟΜΟΝΟΙΑ),11,F19A1E,000000
125,1324,740,ΟΛΥΜΠ. ΧΩΡΙΟ - ΣΚΑ - ΑΧΑΡΝΑΙ -ΟΑΚΑ,3,153CE0,FFFFFF
126,1325,740,ΟΑΚΑ -  ΣΚΑ - ΑΧΑΡΝΑΙ - ΟΛΥΜΠ. ΧΩΡΙΟ,3,153CE0,FFFFFF
127,1326,406,ΠΕΥΚΑΚΙΑ -ΣΤ.ΔΟΥΚ.ΠΛΑΚΕΝΤΙΑΣ- ΣΤ.ΝΟΜΙΣΜΑΤΟΚΟΠΕΙΟ (ΚΥΚΛΙΚΗ),3,153CE0,FFFFFF
128,1327,407,ΣΤ.ΔΟΥΚ.ΠΛΑΚΕΝΤΙΑΣ- Ν. ΖΩH-ΣΤ.ΝΟΜΙΣΜΑΤΟΚΟΠΕΙΟ (ΚΥΚΛΙΚΗ),3,153CE0,FFFFFF
129,1354,803,ΠΕΙΡΑΙΑΣ - ΔΑΣΟΣ ΧΑΪΔΑΡΙΟΥ,3,153CE0,FFFFFF
130,1357,409,ΠΑΠΑΓΟΥ - ΣΤ. ΕΘΝ. ΑΜΥΝΑ  (ΚΥΚΛΙΚΗ),3,153CE0,FFFFFF
131,1361,211,ΜΕΤΑΜΟΡΦΩΣΗ - ΑΚΑΔΗΜΙΑ (ΚΥΚΛΙΚΗ),3,153CE0,FFFFFF
132,1363,214,ΖΩΟΔΟΧΟΣ ΠΗΓΗ - ΑΚΑΔΗΜΙΑ (ΚΥΚΛΙΚΗ),3,153CE0,FFFFFF
133,1367,866,ΑΣΠΡΟΠΥΡΓΟΣ - ΣΤ. ΑΓ. ΜΑΡΙΝΑ (ΚΥΚΛΙΚΗ),3,153CE0,FFFFFF
134,1369,250,ΠΑΝΕΠΙΣΤΗΜΙΟΥΠΟΛΗ - ΣΤ. ΕΥΑΓΓΕΛΙΣΜΟΣ (ΕΩΣ ΣΤ. ΕΥΑΓΓΕΛΙΣΜΟΣ),3,153CE0,FFFFFF
135,1370,410,Ο.Α.Κ.Α. - ΑΝΩ ΜΕΛΙΣΣΙΑ (ΔΙΕΛΕΥΣΗ ΑΠΟ ΝΕΚΡΟΤΑΦΕΙΟ),3,153CE0,FFFFFF
136,1373,720,ΑΝΑΚΑΣΑ - ΑΓ. ΑΝΑΡΓΥΡΟΙ - ΣΤ. ΑΤΤΙΚΗ (ΚΥΚΛΙΚΗ),3,153CE0,FFFFFF
137,1375,022,ΑΚΑΔΗΜΙΑ - Ν. ΚΥΨΕΛΗ (ΚΥΚΛΙΚΗ),3,153CE0,FFFFFF
138,1376,060,ΑΚΑΔΗΜΙΑ - ΛΥΚΑΒΗΤΤΟΣ (ΚΥΚΛΙΚΗ),3,153CE0,FFFFFF
139,1378,727,ΜΕΣΟΝΥΧΙ - ΑΓ.ΚΩΝΣΤΑΝΤΙΝΟΣ-ΑΓ.ΠΑΡΑΣΚΕΥΗ (ΕΩΣ 6ο ΓΕΝ. ΛΥΚΕΙΟ ΑΧΑΡΝΩΝ - ΠΡΩΙ),3,153CE0,FFFFFF
140,1379,410,ΑΝΩ ΜΕΛΙΣΣΙΑ -Ο.Α.Κ.Α. (ΑΠΟ ΣΤΑΣΗ ΚΛΕΙΟΥΣ),3,153CE0,FFFFFF
141,1380,410,Ο.Α.Κ.Α. - ΑΝΩ ΜΕΛΙΣΣΙΑ (ΕΩΣ ΣΤΑΣΗ ΚΛΕΙΟΥΣ),3,153CE0,FFFFFF
142,1381,19Β,ΜΟΥΣΕΙΟ - ΧΑΛΑΝΔΡΙ (ΣΙΔΕΡΑ) (ΚΥΚΛΙΚΗ),11,F19A1E,000000
143,1382,750,ΑΤΤΙΚΟ ΝΟΣΟΚΟΜΕΙΟ - ΣΤ. ΜΕΤΡΟ ΑΙΓΑΛΕΩ - ΝΙΚΑΙΑ  (ΕΝΑΛΛΑΚΤΙΚΗ ΛΟΓΩ ΛΑΪΚΗΣ ΚΑΘΕ ΠΑΡΑΣΚΕΥΗ),3,153CE0,FFFFFF
144,1383,Ε14,ΣΥΝΤΑΓΜΑ - Ο.Α.Κ.Α. - ΥΠ. ΠΑΙΔΕΙΑΣ (EXPRESS),3,153CE0,FFFFFF
145,1384,711,ΣΤ. ΑΤΤΙΚΗ - ΖΩΦΡΙΑ,3,153CE0,FFFFFF
146,1386,Β12,ΣΤ. ΑΤΤΙΚΗ - ΑΝΩ ΛΙΟΣΙΑ (ΠΑΝΟΡΑΜΑ),3,153CE0,FFFFFF
147,1389,608,ΓΑΛΑΤΣΙ - ΑΚΑΔΗΜΙΑ - ΝΕΚΡ. ΖΩΓΡΑΦΟΥ (ΝΥΧΤΕΡΙΝΑ ΔΡΟΜΟΛΟΓΙΑ ΣΑΒΒΑΤΟΥ - ΑΚΑΔΗΜΙΑ),3,153CE0,FFFFFF
148,1394,868,ΘΡΙΑΣΙΟ ΝΟΣΟΚΟΜΕΙΟ - ΣΤ.ΑΓ.ΜΑΡΙΝΑ,3,153CE0,FFFFFF
149,1395,842,ΠΕΡΑΜΑ - ΣΤ.ΚΟΡΥΔΑΛΛΟΣ (ΚΥΚΛΙΚΗ),3,153CE0,FFFFFF
150,1396,841,ΠΕΡΑΜΑ - ΣΤ. ΝΙΚΑΙΑ (ΚΥΚΛΙΚΗ),3,153CE0,FFFFFF
151,1397,800,ΝΙΚΑΙΑ - ΣΤ. ΝΙΚΑΙΑ (ΚΥΚΛΙΚΗ),3,153CE0,FFFFFF
152,1399,820,ΚΕΡΑΤΣΙΝΙ - ΣΤ.ΝΙΚΑΙΑ - ΔΡΑΠΕΤΣΩΝΑ (ΚΥΚΛΙΚΗ),3,153CE0,FFFFFF
153,1400,828,ΠΕΙΡΑΙΑΣ - ΘΗΒΩΝ - ΣΤ. ΝΙΚΑΙΑ (ΚΥΚΛΙΚΗ),3,153CE0,FFFFFF
154,1401,806,ΣΧΙΣΤΟ - ΚΑΡΑΒΑΣ  - ΣΤ. ΚΟΡΥΔΑΛΛΟΣ (ΚΥΚΛΙΚΗ),3,153CE0,FFFFFF
155,1402,809,ΣΧΙΣΤO - ΣΤ.ΝΙΚΑΙΑ - ΣΤ.ΚΟΡΥΔΑΛΛΟΣ (ΚΥΚΛΙΚΗ),3,153CE0,FFFFFF
156,1403,827,ΠΕΙΡΑΙΑΣ - ΑΣΠΡΑ ΧΩΜΑΤΑ - ΣΤ. ΝΙΚΑΙΑ (ΚΥΚΛΙΚΗ),3,153CE0,FFFFFF
157,1404,837,ΑΓΙΑ ΒΑΡΒΑΡΑ - ΣΤ.ΑΓ.ΒΑΡΒΑΡΑ - ΣΤ.ΑΓ.ΜΑΡΙΝΑ (ΚΥΚΛΙΚΗ),3,153CE0,FFFFFF
158,1406,826,ΠΕΙΡΑΙΑΣ - ΑΓ. ΜΗΝΑΣ (ΚΥΚΛΙΚΗ),3,153CE0,FFFFFF
159,1409,302,ΣΤ. ΔΟΥΚ. ΠΛΑΚΕΝΤΙΑΣ - ΓΕΡΑΚΑΣ (ΕΩΣ ΣΤΑΣΗ Β.ΡΩΤΑ),3,153CE0,FFFFFF
160,1410,306,ΣΤ.ΔΟΥΚ.ΠΛΑΚΕΝΤΙΑΣ-ΔΗΜ.ΓΕΡΑΚΑ-ΜΠΑΛΑΝΑ ΓΕΡΑΚΑ (ΑΠΟ ΣΤΑΣΗ ΜΑΡΑΘΩΝΟΣ),3,153CE0,FFFFFF
161,1411,306,ΣΤ.ΔΟΥΚ.ΠΛΑΚΕΝΤΙΑΣ-ΔΗΜ.ΓΕΡΑΚΑ-ΜΠΑΛΑΝΑ ΓΕΡΑΚΑ (ΕΩΣ ΣΤΑΣΗ ΤΕΡΜΑ-ΜΠΑΛΑΝΑ),3,153CE0,FFFFFF
162,1412,310,ΜΑΡΑΘΩΝΑΣ-ΝΕΑ ΜΑΚΡΗ-ΡΑΦΗΝΑ-ΜΑΤΙ-ΜΑΡΑΘΩΝΑΣ (ΑΠΟ Ν.ΒΟΥΤΖΑ),3,153CE0,FFFFFF
163,1413,405,ΣΤ. ΧΑΛΑΝΔΡΙ - ΜΕΛΙΣΣΙΑ (ΑΠΟ ΣΤΑΣΗ ΚΛΕΙΟΥΣ),3,153CE0,FFFFFF
164,1414,405,ΣΤ. ΧΑΛΑΝΔΡΙ - ΜΕΛΙΣΣΙΑ (ΕΩΣ ΣΤΑΣΗ ΚΛΕΙΟΥΣ),3,153CE0,FFFFFF
165,1415,301,ΣΤ. ΔΟΥΚ. ΠΛΑΚΕΝΤΙΑΣ - ΑΝΘΟΥΣΑ-ΠΕΝΤΕΛΗ (ΑΠΟ ΤΕΡΜΑ ΚΑΛΛΙΣΙΩΝ),3,153CE0,FFFFFF
166,1417,735,ΑΧΑΡΝΑΙ - ΖΕΦΥΡΙ - ΣΤ. ΚΑΤΩ ΠΑΤΗΣΙΑ (ΚΥΚΛΙΚΗ),3,153CE0,FFFFFF
167,1418,310,ΜΑΡΑΘΩΝΑΣ - ΝΕΑ ΜΑΚΡΗ - ΡΑΦΗΝΑ  - ΜΑΤΙ - ΜΑΡΑΘΩΝΑΣ (ΕΩΣ Ν.ΒΟΥΤΖΑ),3,153CE0,FFFFFF
168,1421,Α2,ΑΚΑΔΗΜΙΑ - ΒΟΥΛΑ (ΜΕΣΩ Λ. ΑΜΦΙΘΕΑΣ),3,153CE0,FFFFFF
169,1422,Α3,ΑΚΑΔΗΜΙΑ - ΓΛΥΦΑΔΑ (ΜΕΣΩ Λ. ΒΟΥΛΙΑΓΜΕΝΗΣ),3,153CE0,FFFFFF
170,1423,314,ΣΤ.ΔΟΥΚ.ΠΛΑΚΕΝΤΙΑΣ - ΠΑΛΛΗΝΗ - ΡΑΦΗΝΑ (ΜΕΣΩ ΠΑΝΟΡΑΜΑΤΟΣ - 3ο ΓΥΜΝΑΣΙΟ ΠΑΛΛΗΝΗΣ),3,153CE0,FFFFFF
171,1424,314,ΣΤ.ΔΟΥΚ.ΠΛΑΚΕΝΤΙΑΣ - ΠΑΛΛΗΝΗ - ΡΑΦΗΝΑ (ΜΕΣΩ ΠΑΝΟΡΑΜΑΤΟΣ ΠΑΛ.ΔΙΑΔΡΟΜΗΣ),3,153CE0,FFFFFF
172,1425,319,ΣΤ. ΔΟΥΚ. ΠΛΑΚΕΝΤΙΑΣ - ΠΑΛΛΗΝΗ - ΕΚΠΤ. ΧΩΡΙΟ ΣΠΑΤΑ (ΑΠΟ ΓΗΠΕΔΟ ΣΠΑΤΩΝ),3,153CE0,FFFFFF
173,1426,319,ΣΤ. ΔΟΥΚ. ΠΛΑΚΕΝΤΙΑΣ - ΠΑΛΛΗΝΗ - ΕΚΠΤ. ΧΩΡΙΟ ΣΠΑΤΑ (ΕΩΣ ΣΤΑΣΗ ΤΕΡΜΑ),3,153CE0,FFFFFF
174,1427,451,ΣΤ. ΧΑΛΑΝΔΡΙ - Ν. ΠΕΝΤΕΛΗ - ΧΑΛΑΝΔΡΙ (ΕΩΣ ΣΤΑΣΗ ΠΛ.ΑΓ.ΣΙΛΑ),3,153CE0,FFFFFF
175,1429,451,ΣΤ. ΧΑΛΑΝΔΡΙ - Ν. ΠΕΝΤΕΛΗ - ΧΑΛΑΝΔΡΙ (ΑΠΟ ΣΤΑΣΗ ΠΛ.ΑΓ.ΣΙΛΑ),3,153CE0,FFFFFF
176,1431,461,ΣΤ. ΧΑΛΑΝΔΡΙ - Π.ΠΕΝΤΕΛΗ - ΧΑΛΑΝΔΡΙ (ΑΠΟ ΣΤΡΑΤ/KO ΝΟΣ/MEIO),3,153CE0,FFFFFF
177,1432,461,ΣΤ. ΧΑΛΑΝΔΡΙ - Π.ΠΕΝΤΕΛΗ - ΧΑΛΑΝΔΡΙ (ΕΩΣ ΣΤΡΑΤ/KO ΝΟΣ/MEIO),3,153CE0,FFFFFF
178,1433,706,ΣΤ. ΑΓ. ΑΝΤΩΝΙΟΣ - ΙΛΙΟΝ (ΜΕΣΩ Λ. ΑΝ. ΠΑΠΑΝΔΡΕΟΥ) (ΕΩΣ ΣΤΑΣΗ ΣΙΔΕΡΗ),3,153CE0,FFFFFF
179,1434,706,ΣΤ. ΑΓ. ΑΝΤΩΝΙΟΣ - ΙΛΙΟΝ (ΜΕΣΩ Λ. ΑΝ. ΠΑΠΑΝΔΡΕΟΥ) (ΑΠΟ ΣΤΑΣΗ ΣΙΔΕΡΗ),3,153CE0,FFFFFF
180,1435,703,ΠΕΙΡΑΙΑΣ - ΑΓ. ΑΝΑΡΓΥΡΟΙ - ΑΓ. ΕΛΕΥΘΕΡΙΟΣ (ΜΕΣΩ ΘΗΒΩΝ),3,153CE0,FFFFFF
181,1436,725,ΑΧΑΡΝΑΙ (ΜΕΣΟΝΥΧΙ) - ΘΡΑΚΟΜΑΚΕΔΟΝΕΣ (ΑΠΟ ΠΛ.ΑΡΙΣΤΟΤΕΛΟΥΣ ΕΩΣ ΜΕΣΟΝΥΧΙ),3,153CE0,FFFFFF
182,1438,728,ΑΧΑΡΝΑΙ- ΑΓ.ΠΕΤΡΟΣ- ΑΓ.ΙΩΑΝΝΗΣ-ΠΛΑΤΩΝΑΣ (ΑΠΟ ΑΓ.Ι.ΡΩΣΟ ΕΩΣ ΣΤ.ΛΑΡΙΣΗΣ),3,153CE0,FFFFFF
183,1439,728,ΑΧΑΡΝΑΙ- ΑΓ.ΠΕΤΡΟΣ- ΑΓ.ΙΩΑΝΝΗΣ-ΠΛΑΤΩΝΑΣ (ΑΠΟ ΣΧΟΛΕΙΟ ΕΩΣ ΑΓ.Ι.ΡΩΣΟ),3,153CE0,FFFFFF
184,1440,841,ΠΕΡΑΜΑ - ΣΤ. ΝΙΚΑΙΑ (ΑΠΟ ΟΜΟΝΟΙΑ ΕΩΣ ΠΕΡΑΜΑ),3,153CE0,FFFFFF
185,1442,842,ΠΕΡΑΜΑ - ΣΤ. ΚΟΡΥΔΑΛΛΟΣ (ΑΠΟ ΟΜΟΝΟΙΑ ΕΩΣ ΠΕΡΑΜΑ),3,153CE0,FFFFFF
186,1443,841,ΠΕΡΑΜΑ - ΣΤ. ΝΙΚΑΙΑ (ΑΠΟ ΝΕΡΟ ΕΩΣ ΠΕΡΑΜΑ),3,153CE0,FFFFFF
187,1444,115,ΓΛΥΦΑΔΑ - ΒΟΥΛΙΑΓΜΕΝΗ - ΚΙΤΣΙ (ΚΙΤΣΙ - ΑΚΑΔΗΜΙΑ),3,153CE0,FFFFFF
188,1445,878,ΑΧΑΡΝΑΙ - ΕΛΕΥΣΙΝΑ (ΑΠΟ ΜΕΣΟΝΥΧΙ),3,153CE0,FFFFFF
189,1446,Α10,ΣΤΑΘΜΟΣ ΛΑΡΙΣΗΣ - ΑΧΑΡΝΑΙ (ΑΠΟ ΣΤΑΣΗ ΚΑΡΑΒΟΣ),3,153CE0,FFFFFF
190,1447,Α10,ΣΤΑΘΜΟΣ ΛΑΡΙΣΗΣ - ΑΧΑΡΝΑΙ (ΕΩΣ ΣΤΑΣΗ ΚΑΡΑΒΟΣ ΜΕΣΩ ΑΓ.ΠΕΤΡΟΥ),3,153CE0,FFFFFF
191,1448,Β12,ΣΤ. ΑΤΤΙΚΗ - ΑΝΩ ΛΙΟΣΙΑ (ΠΑΝΟΡΑΜΑ) (ΑΠΟ ΜΑΡΝΗ ΕΩΣ ΑΝΩ ΛΙΟΣΙΑ),3,153CE0,FFFFFF
192,1449,109,ΣΤ. ΑΓ. ΔΗΜΗΤΡΙΟΣ - ΑΝΩ ΚΑΛΑΜΑΚΙ (ΚΥΚΛΙΚΗ),3,153CE0,FFFFFF
193,1450,Β2,ΣΤ. ΣΥΓΓΡΟΥ ΦΙΞ - ΑΓ.ΚΟΣΜΑΣ (ΜΕΣΩ ΠΑΡΑΛΙΑΚΗΣ) (ΚΥΚΛΙΚΗ),3,153CE0,FFFFFF
194,1453,811,ΧΑΪΔΑΡΙ - ΣΤ. ΑΓΙΑ ΜΑΡΙΝΑ (ΕΝΑΛΛΑΚΤΙΚΗ ΛΟΓΩ ΛΑΪΚΗΣ ΚΑΘΕ ΤΕΤΑΡΤΗ),3,153CE0,FFFFFF
195,1469,250,ΠΑΝΕΠΙΣΤΗΜΙΟΥΠΟΛΗ - ΣΤ. ΕΥΑΓΓΕΛΙΣΜΟΣ (ΑΠΟ ΣΤΑΣΗ ΕΥΑΓΓΕΛΙΣΜΟΣ),3,153CE0,FFFFFF
196,1471,911Α,ΣΤΑΘ. ΚΑΛΛΙΘΕΑΣ - ΙΔΡ. ΤΥΦΛΩΝ -Π.Ε ΝΟΤΙΟΥ ΤΟΜΕΑ (ΚΥΚΛΙΚΗ),3,153CE0,FFFFFF
197,1472,109,ΣΤ. ΑΓ. ΔΗΜΗΤΡΙΟΣ - ΑΝΩ ΚΑΛΑΜΑΚΙ (ΕΩΣ ΕΛΛΗΝΙΚΟ),3,153CE0,FFFFFF
198,1473,109,ΣΤ. ΑΓ. ΔΗΜΗΤΡΙΟΣ - ΑΝΩ ΚΑΛΑΜΑΚΙ (ΑΠΟ ΕΛΛΗΝΙΚΟ ΕΩΣ ΣΤ. ΑΓ. ΔΗΜΗΤΡΙΟ),3,153CE0,FFFFFF
199,1476,805,ΑΣΠΡΟΠΥΡΓΟΣ - ΝΕΟΚΤΙΣΤΑ (ΑΠΟ ΣΤΑΣΗ ΑΓ.ΣΩΤΗΡΑΣ ΕΩΣ ΝΕΟΚΤΙΣΤΑ),3,153CE0,FFFFFF
200,1477,855,ΨΑΡΙ - ΑΣΠΡΟΠΥΡΓΟΣ - ΛΟΦΟΣ ΚΥΡΙΛΛΟΥ (ΑΠΟ ΑΣΠΡΟΠΥΡΓΟ ΕΩΣ ΛΟΦΟ ΚΥΡΙΛΛΟΥ),3,153CE0,FFFFFF
201,1479,876,ΕΛΕΥΣΙΝΑ - ΣΤ. ΑΓ. ΜΑΡΙΝΑ (ΑΠΟ ΠΛ.ΚΟΥΜΟΥΝΔΟΥΡΟΥ ΕΩΣ ΕΛΕΥΣΙΝΑ),3,153CE0,FFFFFF
202,1480,537,ΑΧΑΡΝΑΙ - ΒΑΡΥΜΠΟΜΠΗ (ΜΕΣΩ ΘΡΑΚΟΜΑΚΕΔΟΝΩΝ),3,153CE0,FFFFFF
203,1481,876,ΕΛΕΥΣΙΝΑ - ΣΤ.ΑΓ.ΜΑΡΙΝΑ (ΑΠΟ ΜΑΝΔΡΑ - ΕΛΕΥΣΙΝΑ - ΣΤ.ΑΓ.ΜΑΡΙΝΑ - ΕΛΕΥΣΙΝΑ),3,153CE0,FFFFFF
204,1483,876,ΕΛΕΥΣΙΝΑ - ΣΤ. ΑΓ. ΜΑΡΙΝΑ (ΑΠΟ  ΕΛΕΥΣΙΝΑ ΕΩΣ ΣΤ.ΑΓ.ΜΑΡΙΝΑ),3,153CE0,FFFFFF
205,1484,752,ΑΧΑΡΝΑΙ - ΑΓ. ΙΩΑΝΝΗΣ - ΑΓ. ΠΕΤΡΟΣ (ΑΠΟ ΣΤΑΣΗ ΣΤΡΟΦΗ) ,3,153CE0,FFFFFF
206,1486,124,ΓΛΥΦΑΔΑ - ΑΓΙΑ ΤΡΙΑΔΑ - ΣΤ. ΑΡΓΥΡΟΥΠΟΛΗΣ (ΚΥΚΛΙΚΗ),3,153CE0,FFFFFF
207,1488,154,ΠΑΝ/ΜΑ ΒΟΥΛΑΣ - Α. ΓΛΥΦΑΔΑ - ΣΤ. ΑΡΓΥΡΟΥΠΟΛΗ,3,153CE0,FFFFFF
208,1489,171,ΒΑΡΚΙΖΑ - ΣΤ. ΑΡΓΥΡΟΥΠΟΛΗ,3,153CE0,FFFFFF
209,1491,881,ΕΛΕΥΣΙΝΑ - ΑΣΠΡΟΠΥΡΓΟΣ - ΡΟΥΠΑΚΙ (ΜΕΣΩ ΚΟΙΜΗΤΗΡΙΟΥ),3,153CE0,FFFFFF
210,1495,876,ΕΛΕΥΣΙΝΑ - ΣΤ. ΑΓ. ΜΑΡΙΝΑ (ΑΠΟ ΣΤ.ΑΓ.ΜΑΡΙΝΑ ΕΩΣ ΕΛΕΥΣΙΝΑ),3,153CE0,FFFFFF
211,1497,866,ΑΣΠΡΟΠΥΡΓΟΣ - ΣΤ. ΑΓ. ΜΑΡΙΝΑ (ΑΠΟ ΣΤ. ΑΓ. ΜΑΡΙΝΑ ΕΩΣ ΑΣΠΡΟΠΥΡΓΟ),3,153CE0,FFFFFF
212,1498,866,ΑΣΠΡΟΠΥΡΓΟΣ - ΣΤ. ΑΓ. ΜΑΡΙΝΑ (ΑΠΟ ΑΣΠΡΟΠΥΡΓΟ ΕΩΣ ΣΤ. ΑΓ. ΜΑΡΙΝΑ),3,153CE0,FFFFFF
213,1499,866,ΑΣΠΡΟΠΥΡΓΟΣ - ΣΤ. ΑΓ. ΜΑΡΙΝΑ (ΑΠΟ ΠΛ.ΚΟΥΜΟΥΝΔΟΥΡΟΥ ΕΩΣ ΑΣΠΡΟΠΥΡΓΟ),3,153CE0,FFFFFF
214,1504,866,ΑΣΠΡΟΠΥΡΓΟΣ - ΣΤ. ΑΓ. ΜΑΡΙΝΑ (ΑΠΟ ΨΑΡΙ ΕΩΣ ΑΣΠΡΟΠΥΡΓΟ),3,153CE0,FFFFFF
215,1505,728,ΑΧΑΡΝΑΙ- ΑΓ.ΠΕΤΡΟΣ- ΑΓ.ΙΩΑΝΝΗΣ-ΠΛΑΤΩΝΑΣ (ΑΠΟ ΣΤΑΣΗ ΣΤΡΟΦΗ ΕΩΣ ΑΧΑΡΝΕΣ),3,153CE0,FFFFFF
216,1510,728,ΑΧΑΡΝΑΙ- ΑΓ.ΠΕΤΡΟΣ- ΑΓ.ΙΩΑΝΝΗΣ-ΠΛΑΤΩΝΑΣ (ΑΠΟ ΑΓ.Ι.ΡΩΣΟ ΕΩΣ ΚΑΡΑΒΟ),3,153CE0,FFFFFF
217,1513,727,ΜΕΣΟΝΥΧΙ - ΑΓ.ΚΩΝΣΤΑΝΤΙΝΟΣ-ΑΓ.ΠΑΡΑΣΚΕΥΗ (ΕΩΣ 6ο ΓΕΝ. ΛΥΚΕΙΟ ΑΧΑΡΝΩΝ - ΜΕΣΗΜΕΡΙ),3,153CE0,FFFFFF
218,1516,123,ΣΑΡΩΝΙΔΑ-ΑΝΑΒΥΣΣΟΣ-ΠΑΛΑΙΑ ΦΩΚΑΙΑ (ΑΠΟ ΣΤΑΣΗ ΚΟΙΝΟΤΗΤΑ ΠΑΛ. ΦΩΚΑΙΑΣ ΕΩΣ ΣΑΡΩΝΙΔΑ),3,153CE0,FFFFFF
219,1517,330,ΚΟΡΩΠΙ - ΑΓ. ΜΑΡΙΝΑ (ΑΠΟ 17η ΣΤΑΣΗ ΑΓ. ΜΑΡΙΝΑΣ ΕΩΣ ΚΟΡΩΠΙ),3,153CE0,FFFFFF
220,1518,309,ΚΟΡΩΠΙ - ΣΤ. ΠΡΟΑΣΤΙΑΚΟΥ - ΚΟΡΩΠΙ (ΑΠΟ ΔΗΜΑΡΧΕΙΟ),3,153CE0,FFFFFF
221,1519,309,ΚΟΡΩΠΙ - ΣΤ. ΠΡΟΑΣΤΙΑΚΟΥ - ΚΟΡΩΠΙ (ΕΩΣ ΠΑΡΑΚΡΑΤΗΜΑ),3,153CE0,FFFFFF
222,1520,052,ΣΤ. ΕΛΑΙΩΝΑ - ΣΤ. ΥΠΕΡ. ΛΕΩΦ. ΚΗΦΙΣΟΥ (ΚΥΚΛΙΚΗ),3,153CE0,FFFFFF
223,1521,Χ93,ΣΤ. ΥΠΕΡ. ΛΕΩΦ. ΚΗΦΙΣΟΥ - ΑΕΡΟΛΙΜΕΝΑΣ ΑΘΗΝΩΝ (EXPRESS),3,153CE0,FFFFFF
224,1523,051,ΣΤ. ΥΠΕΡ. ΛΕΩΦ. ΚΗΦΙΣΟΥ - ΟΜΟΝΟΙΑ (ΜΕΣΩ ΑΚΑΔ. ΠΛΑΤ.)(ΚΥΚΛΙΚΗ),3,153CE0,FFFFFF
225,1524,051,ΣΤ. ΥΠΕΡ.ΛΕΩΦ.ΚΗΦΙΣΟΥ - ΟΜΟΝΟΙΑ (ΜΕΣΩ ΑΚΑΔ.ΠΛΑΤ) (ΑΠΟ ΕΘΝΙΚΟ ΘΕΑΤΡΟ ΕΩΣ ΣΤ. ΥΠΕΡ. ΛΕΩΦ.ΚΗΦΣΙΟΥ),3,153CE0,FFFFFF
226,1525,308,ΣΤ. ΝΟΜΙΣΜΑΤΟΚΟΠΕΙΟ - ΠΑΙΑΝΙΑ - ΚΟΡΩΠΙ (ΑΠΟ ΚΟΡΩΠΙ ΕΩΣ ΣΤΑΣΗ ΣΤΑΥΡΟΣ),3,153CE0,FFFFFF
227,1539,122,ΣΤ. ΑΡΓΥΡΟΥΠΟΛΗ - ΣΑΡΩΝΙΔΑ,3,153CE0,FFFFFF
228,1541,Α2,ΑΚΑΔΗΜΙΑ - ΒΟΥΛΑ (ΑΠΟ ΕΚΚΛΗΣΙΑ ΒΑΡΗΣ ΕΩΣ ΑΚΑΔΗΜΙΑ),3,153CE0,FFFFFF
229,1542,Α2,ΑΚΑΔΗΜΙΑ - ΒΟΥΛΑ (ΑΠΟ ΑΚΑΔΗΜΙΑ ΕΩΣ ΕΚΚΛΗΣΙΑ ΒΑΡΗΣ),3,153CE0,FFFFFF
230,1544,871Τ,ΠΕΙΡΑΙΑΣ - ΣΧΙΣΤΟ (ΕΩΣ ΕΛΕΥΣΙΝΑ),3,153CE0,FFFFFF
231,1546,732,ΙΛΙΟΝ - ΑΓ. ΦΑΝΟΥΡΙΟΣ - ΑΚΑΔΗΜΙΑ (ΚΥΚΛΙΚΗ),3,153CE0,FFFFFF
232,1547,Χ97,ΑΕΡΟΛΙΜΕΝΑΣ ΑΘΗΝΩΝ - ΣΤ. ΕΛΛΗΝΙΚΟ (EXPRESS) (ΚΥΚΛΙΚΗ),3,153CE0,FFFFFF
233,1549,Χ97,ΑΕΡΟΛΙΜΕΝΑΣ ΑΘΗΝΩΝ - ΣΤ. ΕΛΛΗΝΙΚΟ (EXPRESS) (ΑΠΟ ΣΤ. ΕΛΛΗΝΙΚΟ),3,153CE0,FFFFFF
234,1550,755Β,ΑΧΑΡΝΑΙ-ΚΟΚΚΙΝΟΣ ΜΥΛΟΣ-ΣΤ. ΚΑΤΩ ΠΑΤΗΣΙΑ (ΚΥΚΛΙΚΗ ΜΕΣΩ ΧΑΡΑΥΓΗΣ),3,153CE0,FFFFFF
235,1552,Χ97,ΑΕΡΟΛΙΜΕΝΑΣ ΑΘΗΝΩΝ - ΣΤ. ΕΛΛΗΝΙΚΟ (EXPRESS) - ΝΥΧΤΕΡΙΝΗ (ΑΠΟ ΣΤ.ΔΑΦΝΗ),3,153CE0,FFFFFF
236,1553,Χ97,ΑΕΡΟΛΙΜΕΝΑΣ ΑΘΗΝΩΝ - ΣΤ. ΕΛΛΗΝΙΚΟ (EXPRESS) ΝΥΧΤΕΡΙΝΗ (ΕΩΣ ΣΤ. ΔΑΦΝΗ),3,153CE0,FFFFFF
237,1556,054,ΠΕΡΙΣΣΟΣ - ΛΑΜΠΡΙΝΗ - ΟΜΟΝΟΙΑ (ΚΥΚΛΙΚΗ),3,153CE0,FFFFFF
238,1558,608,ΓΑΛΑΤΣΙ - ΑΚΑΔΗΜΙΑ - ΝΕΚΡ. ΖΩΓΡΑΦΟΥ ( ΕΩΣ ΑΚΑΔΗΜΙΑ),3,153CE0,FFFFFF
239,1560,734,ΑΧΑΡΝΑΙ - ΝΟΣ. ΑΓ. ΑΝΑΡΓΥΡΟΙ (ΚΥΚΛΙΚΗ),3,153CE0,FFFFFF
240,1562,221,ΠΑΝΕΠΙΣΤΗΜΙΟΥΠΟΛΗ - ΑΚΑΔΗΜΙΑ (ΕΝΤΟΣ ΠΑΝΕΠΙΣΤΗΜΙΟΥ),3,153CE0,FFFFFF
241,1564,Β2,ΣΤ. ΣΥΓΓΡΟΥ ΦΙΞ - ΑΓ.ΚΟΣΜΑΣ (ΜΕΣΩ ΠΑΡΑΛΙΑΚΗΣ) (ΑΓ.ΚΟΣΜΑΣ ΕΩΣ ΣΤ.ΣΥΓΓΡΟΥ ΦΙΞ),3,153CE0,FFFFFF
242,1565,Β2,ΣΤ. ΣΥΓΓΡΟΥ ΦΙΞ - ΑΓ.ΚΟΣΜΑΣ (ΜΕΣΩ ΠΑΡΑΛΙΑΚΗΣ) (ΣΤ.ΣΥΓΓΡΟΥ ΦΙΞ ΕΩΣ ΑΓ.ΚΟΣΜΑΣ),3,153CE0,FFFFFF
243,1566,Α1,ΠΕΙΡΑΙΑΣ - ΒΟΥΛΑ (ΑΠΟ ΕΚΚΛΗΣΙΑ ΒΑΡΗΣ ΕΩΣ ΠΕΙΡΑΙΑ),3,153CE0,FFFFFF
244,1567,411,ΣΤ. ΔΟΥΚ. ΠΛΑΚΕΝΤΙΑΣ - ΣΙΣΜΑΝΟΓΛΕΙΟ - ΧΑΛΑΝΔΡΙ (ΑΠΟ ΧΑΛΑΝΔΡΙ),3,153CE0,FFFFFF
245,1568,608,ΓΑΛΑΤΣΙ - ΑΚΑΔΗΜΙΑ - ΝΕΚΡ. ΖΩΓΡΑΦΟΥ ( ΕΩΣ ΣΤΑΣΗ ΧΑΤΖΗΔΑΚΗ),3,153CE0,FFFFFF
246,1571,602,Ν. ΙΩΝΙΑ - ΚΑΛΟΓΡΕΖΑ - ΣΤΑΘ. ΠΑΝΟΡΜΟΥ (ΑΠΟ ΣΤΑΣΗ ΣΧΟΛΕΙΟ),3,153CE0,FFFFFF
247,1572,602,Ν. ΙΩΝΙΑ - ΚΑΛΟΓΡΕΖΑ - ΣΤΑΘ. ΠΑΝΟΡΜΟΥ (ΕΩΣ 13η ΚΑΛΟΓΡΕΖΑΣ),3,153CE0,FFFFFF
248,1574,021,ΠΛΑΤΕΙΑ ΚΑΝΙΓΓΟΣ - ΓΚΥΖH (ΑΠΟ ΓΚΥΖΗ),3,153CE0,FFFFFF
249,1575,021,ΠΛΑΤΕΙΑ ΚΑΝΙΓΓΟΣ - ΓΚΥΖH (ΕΩΣ ΓΚΥΖΗ),3,153CE0,FFFFFF
250,1576,411,ΣΤ. ΔΟΥΚ. ΠΛΑΚΕΝΤΙΑΣ - ΣΙΣΜΑΝΟΓΛΕΙΟ - ΧΑΛΑΝΔΡΙ (ΕΩΣ ΧΑΛΑΝΔΡΙ),3,153CE0,FFFFFF
251,1578,022,ΑΚΑΔΗΜΙΑ - Ν. ΚΥΨΕΛΗ (ΑΠΟ ΚΥΨΕΛΗ),3,153CE0,FFFFFF
252,1579,022,ΑΚΑΔΗΜΙΑ - Ν. ΚΥΨΕΛΗ (ΕΩΣ ΚΥΨΕΛΗ),3,153CE0,FFFFFF
253,1581,112,ΑΓ. ΔΗΜΗΤΡΙΟΣ - ΣΤ. ΔΑΦΝΗ (ΕΩΣ ΑΚΑΔΗΜΙΑ),3,153CE0,FFFFFF
254,1582,128,ΓΛΥΦΑΔΑ - ΤΕΡΨΙΘΕΑ (ΑΠΟ ΣΤΑΣΗ ΛΕΥΚΩΣΙΑΣ ΕΩΣ ΓΛΥΦΑΔΑ),3,153CE0,FFFFFF
255,1583,128,ΓΛΥΦΑΔΑ - ΤΕΡΨΙΘΕΑ (ΑΠΟ ΓΛΥΦΑΔΑ ΕΩΣ ΣΤΑΣΗ ΛΕΥΚΩΣΙΑΣ ),3,153CE0,FFFFFF
256,1584,131,ΑΜΑΞ. ΑΓ. ΔΗΜΗΤΡΙΟΥ - ΣΤ. ΔΑΦΝΗ (ΕΩΣ ΣΤ.ΔΑΦΝΗ),3,153CE0,FFFFFF
257,1585,608,ΓΑΛΑΤΣΙ - ΑΚΑΔΗΜΙΑ - ΝΕΚΡ. ΖΩΓΡΑΦΟΥ (ΕΩΣ ΣΤΑΣΗ ΑΚΡΙΤΑ),3,153CE0,FFFFFF
258,1586,504,ΘΡΑΚΟΜΑΚΕΔΟΝΕΣ - ΚΗΦΙΣΙΑ (ΚΥΚΛΙΚΗ),3,153CE0,FFFFFF
259,1588,15,ΠΕΤΡΑΛΩΝΑ - ΔΙΚΑΣΤΗΡΙΑ - ΕΛ. ΒΕΝΙΖΕΛΟΥ (ΑΠΟ ΟΜΟΝΟΙΑ ΕΩΣ ΠΕΤΡΑΛΩΝΑ),11,F19A1E,000000
260,1589,164,ΣΤ. ΑΓ. ΔΗΜΗΤΡΙΟΣ - Κ. ΗΛ/ΠΟΛΗ - ΑΡΓ/ΠΟΛΗ - ΤΕΡΨΙΘΕΑ (ΑΠΟ ΣΤΑΣΗ ΔΑΡΖΕΝΤΑ),3,153CE0,FFFFFF
261,1590,164,ΣΤ. ΑΓ. ΔΗΜΗΤΡΙΟΣ - Κ. ΗΛ/ΠΟΛΗ - ΑΡΓ/ΠΟΛΗ - ΤΕΡΨΙΘΕΑ (ΑΠΟ ΣΤΑΣΗ ΠΛ.ΑΝΕΞΑΡΤΗΣΙΑΣ ΕΩΣ ΑΚΑΔΗΜΙΑ),3,153CE0,FFFFFF
262,1591,164,ΣΤ. ΑΓ. ΔΗΜΗΤΡΙΟΣ - Κ. ΗΛ/ΠΟΛΗ - ΑΡΓ/ΠΟΛΗ - ΤΕΡΨΙΘΕΑ (ΤΕΡΨΙΘΕΑ ΕΩΣ ΑΚΑΔΗΜΙΑ),3,153CE0,FFFFFF
263,1592,201,ΣΤ. ΑΓ. ΔΗΜΗΤΡΙΟΣ - ΑΡΓΥΡΟΥΠΟΛΗ (ΑΠΟ ΑΡΓΥΡΟΥΠΟΛΗ ΣΤΑΣΗ ΜΙΚΡΑΣ ΑΣΙΑΣ),3,153CE0,FFFFFF
264,1593,204,ΣΤΡ. ΣΑΚΕΤΑ - ΑΚΑΔΗΜΙΑ (ΑΠΟ ΑΚΑΔΗΜΙΑ),3,153CE0,FFFFFF
265,1594,204Β,ΕΚΕΜΣ - ΑΚΑΔΗΜΙΑ (ΑΠΟ ΑΚΑΔΗΜΙΑ),3,153CE0,FFFFFF
266,1595,206,ΑΓ.ΜΑΡΙΝΑ - ΣΤ. ΔΑΦΝΗΣ (ΕΩΣ ΑΚΑΔΗΜΙΑ),3,153CE0,FFFFFF
267,1597,237,ΑΝΩ ΗΛΙΟΥΠΟΛΗ - ΣΤ. ΔΑΦΝΗΣ (ΕΩΣ ΑΚΑΔΗΜΙΑ),3,153CE0,FFFFFF
268,1598,201,ΣΤ. ΑΓ. ΔΗΜΗΤΡΙΟΣ - ΑΡΓΥΡΟΥΠΟΛΗ (ΕΩΣ ΑΡΓΥΡΟΥΠΟΛΗ ΣΤΑΣΗ ΜΙΚΡΑΣ ΑΣΙΑΣ),3,153CE0,FFFFFF
269,1599,300,ΠΛ. ΚΑΡΑΪΣΚΑΚΗ - ΤΖΑΝΕΙΟ (ΑΠΟ ΤΖΑΝΕΙΟ),3,153CE0,FFFFFF
270,1605,25,ΣΤ. ΑΓ. ΑΝΤΩΝΙΟΣ - ΙΛΙΟΝ - ΚΑΜΑΤΕΡΟ (ΑΠΟ ΣΤΑΣΗ ΠΑΛ.ΑΦΕΤΗΡΙΑ),11,F19A1E,000000
271,1608,642,ΗΡΑΚΛΕΙΟ- ΑΓ. ΝΕΚΤΑΡΙΟΣ - ΠΕΥΚΗ (ΑΠΟ 8η ΠΕΥΚΗΣ),3,153CE0,FFFFFF
272,1611,837,ΑΓΙΑ ΒΑΡΒΑΡΑ - ΣΤ.ΑΓ.ΒΑΡΒΑΡΑ - ΣΤ.ΑΓ.ΜΑΡΙΝΑ (ΕΩΣ ΟΜΟΝΟΙΑ),3,153CE0,FFFFFF
273,1612,910,ΣΤ. ΣΥΓΓΡΟΥ ΦΙΞ - ΤΖΙΤΖΙΦΙΕΣ (ΑΠΟ ΣΤΑΣΗ ΠΕΙΣΙΣΤΡΑΤΟΥ),3,153CE0,FFFFFF
274,1613,653,ΨΥΧΙΚΟ - ΠΑΝΟΡΜΟΥ Β (ΕΩΣ ΣΤΑΣΗ ΣΧΟΛΕΙΟ),3,153CE0,FFFFFF
275,1614,910,ΣΤ. ΣΥΓΓΡΟΥ ΦΙΞ - ΤΖΙΤΖΙΦΙΕΣ (ΕΩΣ ΣΤΑΣΗ ΠΕΙΣΙΣΤΡΑΤΟΥ),3,153CE0,FFFFFF
276,1615,730,ΛΟΦΟΣ ΑΞΙΩΜΑΤΙΚΩΝ - ΣΤ. ΑΓ. ΑΝΤΩΝΙΟΣ - ΖΩΟΔ. ΠΗΓΗ (ΕΩΣ ΟΜΟΝΟΙΑ),3,153CE0,FFFFFF
277,1616,806,ΣΧΙΣΤΟ - ΚΑΡΑΒΑΣ  - ΣΤ. ΚΟΡΥΔΑΛΛΟΣ (ΑΠΟ ΠΛ.ΕΛΕΥΘΕΡΙΑΣ ΕΩΣ ΟΜΟΝΟΙΑ ),3,153CE0,FFFFFF
278,1617,861Β,ΕΛΕΥΣΙΝΑ – ΜΑΝΔΡΑ - ΒΙΛΙΑ - ΕΡΥΘΡΕΣ,3,153CE0,FFFFFF
279,1620,809,ΣΧΙΣΤO - ΣΤ.ΝΙΚΑΙΑ - ΣΤ.ΚΟΡΥΔΑΛΛΟΣ (ΑΠΟ ΣΤΑΣΗ ΗΠΕΙΡΟΥ ΕΩΣ ΓΟΥΝΑΡΗ),3,153CE0,FFFFFF
280,1621,747,ΠΕΤΡΟΥΠΟΛΗ - ΠΑΝΟΡΑΜΑ - ΣΤ. ΑΝΘΟΥΠΟΛΗ (ΑΠΟ ΣΤ.ΑΝΘΟΥΠΟΛΗ),3,153CE0,FFFFFF
281,1623,543,ΣΤΑΘΜΟΣ ΚΗΦΙΣΙΑΣ - ΝΟΣ. ΑΓ. ΑΝΑΡΓΥΡΟΙ (ΚΥΚΛΙΚΗ),3,153CE0,FFFFFF
282,1624,543Α,ΣΤΑΘΜΟΣ ΚΗΦΙΣΙΑΣ - ΝΟΣ. ΑΓ. ΑΝΑΡΓΥΡΟΙ (ΜΕΣΩ ΚΑΛΥΦΤΑΚΗ) (ΚΥΚΛΙΚΗ),3,153CE0,FFFFFF
283,1627,811,ΧΑΪΔΑΡΙ - ΣΤ. ΑΓΙΑ ΜΑΡΙΝΑ (ΕΩΣ ΠΛ. ΚΟΥΜΟΥΝΔΟΥΡΟΥ),3,153CE0,FFFFFF
284,1628,818,ΛΙΜ. ΠΕΡΑΜΑΤΟΣ - ΑΝΩ ΠΕΡΑΜΑ (ΑΠΟ ΣΤΑΣΗ ΣΧΟΛΕΙΟ),3,153CE0,FFFFFF
285,1629,823,ΣΤ. ΑΓ. ΑΝΤΩΝΙΟΣ - ΑΓ. ΒΑΣΙΛΕΙΟΣ (ΑΠΟ ΑΓ.ΒΑΣΙΛΕΙΟ),3,153CE0,FFFFFF
286,1630,823,ΣΤ. ΑΓ. ΑΝΤΩΝΙΟΣ - ΑΓ. ΒΑΣΙΛΕΙΟΣ (ΕΩΣ ΑΓ.ΒΑΣΙΛΕΙΟ),3,153CE0,FFFFFF
287,1631,824,ΝΕΑΠΟΛΗ - ΑΓ. ΑΝΤΩΝΙΟΣ - ΠΕΙΡΑΙΑΣ Α (ΑΠΟ ΠΛ. ΚΑΡΑΪΣΚΑΚΗ),3,153CE0,FFFFFF
288,1632,826,ΠΕΙΡΑΙΑΣ - ΑΓ. ΜΗΝΑΣ (ΑΠΟ ΣΤΑΣΗ 1η ΑΓ. ΜΗΝΑ),3,153CE0,FFFFFF
289,1633,826,ΠΕΙΡΑΙΑΣ - ΑΓ. ΜΗΝΑΣ (ΕΩΣ ΣΤΑΣΗ 3η ΑΓ. ΜΗΝΑ),3,153CE0,FFFFFF
290,1634,914,ΟΜΟΝΟΙΑ - ΛΑΧΑΝΑΓΟΡΑ - ΠΑΛ. ΚΟΚΚΙΝΙΑ (ΕΩΣ ΣΤΑΣΗ ΜΕΤΑΜΟΡΦΩΣΕΩΣ),3,153CE0,FFFFFF
291,1635,915,ΛΟΦΟΣ ΒΩΚΟΥ - ΠΡ. ΗΛΙΑΣ (ΕΩΣ ΣΤΑΣΗ ΙΕΡΟΥ ΛΟΧΟΥ),3,153CE0,FFFFFF
292,1636,829,ΠΑΔΑ ΑΡΧΑΙΟΣ ΕΛΑΙΩΝΑΣ - ΣΤ.ΑΙΓΑΛΕΩ - ΠΑΔΑ ΑΛΣΟΣ ΑΙΓΑΛΕΩ (ΑΠΟ ΠΑΔΑ ΑΛΣΟΣ ΑΙΓΑΛΕΩ),3,153CE0,FFFFFF
293,1638,610,ΦΙΛΟΘΕΗ - ΑΜΠΕΛΟΚΗΠΟΙ (ΑΠΟ ΣΤΑΣΗ ΥΓΕΙΟΝΟΜΙΚΟ),3,153CE0,FFFFFF
294,1639,610,ΦΙΛΟΘΕΗ - ΑΜΠΕΛΟΚΗΠΟΙ (ΕΩΣ ΣΤΑΣΗ ΥΓΕΙΟΝΟΜΙΚΟ),3,153CE0,FFFFFF
295,1640,651,ΨΥΧΙΚΟ - ΠΑΝΟΡΜΟΥ Α (ΑΠΟ ΣΤ. ΠΑΝΟΡΜΟΥ),3,153CE0,FFFFFF
296,1641,909,ΑΓ. ΒΑΣΙΛΕΙΟΣ - ΑΓ. ΣΟΦΙΑ - ΚΡΑΤ. ΝΙΚΑΙΑΣ (ΑΠΟ ΣΤΑΣΗ ΠΑΛ. ΤΕΡΜΑ - ΑΓ. ΣΟΦΙΑ),3,153CE0,FFFFFF
297,1642,909,ΑΓ. ΒΑΣΙΛΕΙΟΣ - ΑΓ. ΣΟΦΙΑ - ΚΡΑΤ. ΝΙΚΑΙΑΣ (ΔΕ-ΠΕ 20:00-23:59  ΠΑ-ΚΥ 18:00-23:59),3,153CE0,FFFFFF
298,1643,829,ΠΑΔΑ ΑΡΧΑΙΟΣ ΕΛΑΙΩΝΑΣ - ΣΤ.ΑΙΓΑΛΕΩ - ΠΑΔΑ ΑΛΣΟΣ ΑΙΓΑΛΕΩ (ΚΥΚΛΙΚΗ),3,153CE0,FFFFFF
299,1644,1,ΠΛ. ΑΤΤΙΚΗΣ - ΚΑΛΛΙΘΕΑ - ΜΟΣΧΑΤΟ (ΕΩΣ ΧΡ.ΣΜΥΡΝΗΣ-ΣΧΟΛΕΙΑ),11,F19A1E,000000
300,1648,830,ΑΓ. ΒΑΡΒΑΡΑ - ΣΤ. ΚΟΡΥΔΑΛΛΟΣ (ΚΥΚΛΙΚΗ),3,153CE0,FFFFFF
301,1649,846,ΝΕΑΠΟΛΗ -  ΣΤ. ΝΙΚΑΙΑ (ΚΥΚΛΙΚΗ),3,153CE0,FFFFFF
302,1650,810,ΣΧΙΣΤΟ - ΣΤ. ΚΟΡΥΔΑΛΛΟΣ (ΚΥΚΛΙΚΗ),3,153CE0,FFFFFF
303,1651,848,ΝΕΑΠΟΛΗ - ΧΑΡΑΥΓΗ,3,153CE0,FFFFFF
304,1652,814,ΣΧΙΣΤΟ ΚΑΡΑΒΑΣ - ΠΕΙΡΑΙΑΣ (ΚΥΚΛΙΚΗ),3,153CE0,FFFFFF
305,1653,909,ΑΓ. ΒΑΣΙΛΕΙΟΣ - ΑΓ. ΣΟΦΙΑ - ΚΡΑΤ. ΝΙΚΑΙΑΣ,3,153CE0,FFFFFF
306,1654,810,ΣΧΙΣΤΟ - ΣΤ.ΚΟΡΥΔΑΛΛΟΣ  (ΕΩΣ ΓΟΥΝΑΡΗ-ΠΕΙΡΑΙΑΣ),3,153CE0,FFFFFF
307,1655,830,ΑΓ. ΒΑΡΒΑΡΑ - ΣΤ.ΚΟΡΥΔΑΛΛΟΣ (ΑΠΟ ΓΟΥΝΑΡΗ-ΠΕΙΡΑΙΑΣ),3,153CE0,FFFFFF
308,1656,830,ΑΓ.ΒΑΡΒΑΡΑ - ΣΤ.ΚΟΡΥΔΑΛΛΟΣ (ΕΩΣ ΓΟΥΝΑΡΗ-ΠΕΙΡΑΙΑΣ),3,153CE0,FFFFFF
309,1657,846,ΝΕΑΠΟΛΗ - ΣΤ.ΝΙΚΑΙΑ (ΕΩΣ ΓΟΥΝΑΡΗ-ΠΕΙΡΑΙΑΣ),3,153CE0,FFFFFF
310,1660,122,ΣΤ. ΑΡΓΥΡΟΥΠΟΛΗ - ΣΑΡΩΝΙΔΑ (ΔΙΕΛΕΥΣΗ ΑΠΟ ΣΧΟΛΗ ΤΟΥΡ. ΕΠΑΓΓ/ΤΩΝ),3,153CE0,FFFFFF
311,1661,829,ΠΑΔΑ ΑΡΧΑΙΟΣ ΕΛΑΙΩΝΑΣ - ΣΤ.ΑΙΓΑΛΕΩ - ΠΑΔΑ ΑΛΣΟΣ ΑΙΓΑΛΕΩ (ΕΩΣ ΣΤΑΣΗ ΤΕΡΜΑ),3,153CE0,FFFFFF
312,1662,747,ΠΕΤΡΟΥΠΟΛΗ - ΠΑΝΟΡΑΜΑ - ΣΤ. ΑΝΘΟΥΠΟΛΗ  (ΔΙΕΛΕΥΣΗ ΑΠΟ ΑΜΑΞΟΣΤΑΣΙΟ ΔΗΜΟΥ ΠΕΤΡΟΥΠΟΛΗΣ),3,153CE0,FFFFFF
313,1663,Α7,ΣΤΟΥΡΝΑΡΗ - ΚΗΦΙΣΙΑ (ΠΛΑΤΕΙΑ ΠΛΑΤΑΝΟΥ) (ΑΠΟ ΣΤΑΣΗ 1η ΚΡΥΟΝΕΡΙΟΥ),3,153CE0,FFFFFF
314,1665,Α7,ΣΤΟΥΡΝΑΡΗ - ΚΗΦΙΣΙΑ (ΠΛΑΤΕΙΑ ΠΛΑΤΑΝΟΥ) (ΕΩΣ ΣΤΑΣΗ 2η ΚΡΥΟΝΕΡΙΟΥ),3,153CE0,FFFFFF
315,1666,Α11,ΠΛ. ΒΑΘΗ - ΙΛΙΟΝ - ΠΕΤΡΟΥΠΟΛΗ (ΜΕΣΩ ΠΑΝΟΡΑΜΑΤΟΣ),3,153CE0,FFFFFF
316,1667,Β11,ΠΛ. ΒΑΘΗ - ΙΛΙΟΝ - ΠΕΤΡΟΥΠΟΛΗ,3,153CE0,FFFFFF
317,1668,868,ΘΡΙΑΣΙΟ ΝΟΣΟΚΟΜΕΙΟ - ΣΤ.ΑΓ.ΜΑΡΙΝΑ,3,153CE0,FFFFFF
318,1669,031,ΓΟΥΔΗ - ΑΤΤΙΚΟ ΝΟΣΟΚΟΜΕΙΟ,3,153CE0,FFFFFF
319,1670,409,ΠΑΠΑΓΟΥ - ΣΤ. ΕΘΝ. ΑΜΥΝΑ (ΕΩΣ ΑΚΑΔΗΜΙΑ),3,153CE0,FFFFFF
320,750,024,ΑΓ. ΑΝΑΡΓΥΡΟΙ - ΣΤ. ΚΑΤΩ ΠΑΤΗΣΙΑ (ΚΥΚΛΙΚΗ),3,153CE0,FFFFFF
321,799,224,ΚΑΙΣΑΡΙΑΝΗ - ΕΛ. ΒΕΝΙΖΕΛΟΥ,3,153CE0,FFFFFF
322,802,405,ΣΤ. ΧΑΛΑΝΔΡΙ - ΜΕΛΙΣΣΙΑ (ΚΥΚΛΙΚΗ),3,153CE0,FFFFFF
323,804,036,ΣΤ. ΚΑΤΕΧΑΚΗ -ΣΤ. ΠΑΝΟΡΜΟΥ-ΓΑΛΑΤΣΙ-ΚΥΨΕΛΗ (ΚΥΚΛΙΚΗ),3,153CE0,FFFFFF
324,808,813,ΑΒΕΡΩΦ - ΠΡΟΥΣΣΗΣ,3,153CE0,FFFFFF
325,810,863,ΕΛΕΥΣΙΝΑ - ΘΡΙΑΣΙΟ ΝΟΣ. - ΜΑΝΔΡΑ ,3,153CE0,FFFFFF
326,812,817,ΕΛΕΥΣΙΝΑ - ΜΑΝΔΡΑ,3,153CE0,FFFFFF
327,813,881,ΕΛΕΥΣΙΝΑ - ΑΣΠΡΟΠΥΡΓΟΣ - ΡΟΥΠΑΚΙ,3,153CE0,FFFFFF
328,814,864,ΕΛΕΥΣΙΝΑ - ΒΙΟΜΗΧΑΝΙΚΗ ΠΕΡΙΟΧΗ ΜΑΓΟΥΛΑΣ (ΚΥΚΛΙΚΗ),3,153CE0,FFFFFF
329,816,035,ΑΝΩ ΚΥΨΕΛΗ - ΠΕΤΡΑΛΩΝΑ - ΤΑΥΡΟΣ,3,153CE0,FFFFFF
330,817,025,ΙΠΠΟΚΡΑΤΟΥΣ - ΠΡΟΦΗΤΗ ΔΑΝΙΗΛ,3,153CE0,FFFFFF
331,818,026,ΙΠΠΟΚΡΑΤΟΥΣ - ΒΟΤΑΝΙΚΟΣ,3,153CE0,FFFFFF
332,819,049,ΠΕΙΡΑΙΑΣ - ΟΜΟΝΟΙΑ,3,153CE0,FFFFFF
333,820,861,ΕΛΕΥΣΙΝΑ - ΜΑΝΔΡΑ (ΟΙΚΙΣΜΟΣ ΤΙΤΑΝ),3,153CE0,FFFFFF
334,822,605,ΠΕΡΙΣΣΟΣ - ΑΝΩ ΠΑΤΗΣΙΑ (ΚΥΚΛΙΚΗ),3,153CE0,FFFFFF
335,823,704,ΚΑΜΑΤΕΡΟ - ΠΛ. ΑΓ. ΑΝΑΡΓΥΡΩΝ (ΚΥΚΛΙΚΗ),3,153CE0,FFFFFF
336,824,057,ΛΟΦΟΣ ΣΚΟΥΖΕ - ΟΜΟΝΟΙΑ (ΚΥΚΛΙΚΗ),3,153CE0,FFFFFF
337,827,855,ΨΑΡΙ - ΑΣΠΡΟΠΥΡΓΟΣ - ΛΟΦΟΣ ΚΥΡΙΛΛΟΥ,3,153CE0,FFFFFF
338,830,Α11,ΠΛ. ΒΑΘΗ - ΙΛΙΟΝ - ΠΕΤΡΟΥΠΟΛΗ (ΜΕΣΩ ΠΑΝΟΡΑΜΑΤΟΣ),3,153CE0,FFFFFF
339,831,046,ΜΟΥΣΕΙΟ - ΕΛΛΗΝΟΡΩΣΩΝ,3,153CE0,FFFFFF
340,832,Γ12,ΚΑΜΑΤΕΡΟ - ΑΓ. ΝΙΚΟΛΑΟΣ - ΙΛΙΟΝ - ΠΟΛΥΤΕΧΝΕΙΟ (ΚΥΚΛΙΚΗ),3,153CE0,FFFFFF
341,833,Α8,ΠΟΛΥΤΕΧΝΕΙΟ - Ν. ΙΩΝΙΑ - ΜΑΡΟΥΣΙ,3,153CE0,FFFFFF
342,835,748,ΧΡΥΣΟΥΠΟΛΗ - ΑΝΘΟΥΠΟΛΗ - ΣΤ. ΠΕΡΙΣΤΕΡΙ (ΚΥΚΛΙΚΗ),3,153CE0,FFFFFF
343,836,560,ΣΤ. ΚΗΦΙΣΙΑ - ΜΟΡΤΕΡΟ - Ν. ΕΡΥΘΡΑΙΑ,3,153CE0,FFFFFF
344,837,719,ΚΗΠΟΥΠΟΛΗ - ΠΑΛΑΤΙΑΝΗ - ΣΤ. ΛΑΡΙΣΗΣ (ΚΥΚΛΙΚΗ),3,153CE0,FFFFFF
345,839,Β11,ΠΛ. ΒΑΘΗ - ΙΛΙΟΝ - ΠΕΤΡΟΥΠΟΛΗ,3,153CE0,FFFFFF
346,840,Α15,ΣΤ. ΛΑΡΙΣΗΣ - ΔΑΣΟΣ,3,153CE0,FFFFFF
347,844,892,ΑΓ. ΒΑΡΒΑΡΑ - ΧΑΪΔΑΡΙ - ΑΓ. ΑΝΑΡΓΥΡΟΙ-ΙΛΙΟΝ,3,153CE0,FFFFFF
348,845,731,ΑΝΘΟΥΠΟΛΗ - ΣΤ. Μ. ΑΝΘΟΥΠΟΛΗ - ΑΤΤΙΚΟ ΝΟΣ. - ΔΑΣΟΣ,3,153CE0,FFFFFF
349,846,410,Ο.Α.Κ.Α. - ΑΝΩ ΜΕΛΙΣΣΙΑ (ΚΥΚΛΙΚΗ),3,153CE0,FFFFFF
350,847,227,ΑΝΩ ΠΕΤΡΑΛΩΝΑ - ΑΓ. ΑΡΤΕΜΙΟΣ,3,153CE0,FFFFFF
351,851,130,ΠΕΙΡΑΙΑΣ - Ν. ΣΜΥΡΝΗ (ΚΥΚΛΙΚΗ),3,153CE0,FFFFFF
352,854,871,ΠΕΙΡΑΙΑΣ - ΕΛΕΥΣΙΝΑ (ΜΕΣΩ Λ. ΕΘΝ. ΑΝΤΙΣΤΑΣΕΩΣ),3,153CE0,FFFFFF
353,857,825,ΝΕΑΠΟΛΗ - ΑΓ. ΑΝΤΩΝΙΟΣ - ΠΕΙΡΑΙΑΣ Β (ΚΥΚΛΙΚΗ),3,153CE0,FFFFFF
354,861,807,ΑΝΩ ΚΟΡΥΔΑΛΛΟΣ - ΣΤ. ΜΕΤΡΟ ΑΙΓΑΛΕΩ (ΚΥΚΛΙΚΗ),3,153CE0,FFFFFF
355,862,811,ΧΑΪΔΑΡΙ - ΣΤ. ΑΓΙΑ ΜΑΡΙΝΑ (ΚΥΚΛΙΚΗ),3,153CE0,FFFFFF
356,866,Α13,ΟΜΟΝΟΙΑ - ΚΗΠΟΥΠΟΛΗ,3,153CE0,FFFFFF
357,867,723,ΦΥΛΗ - ΑΝΩ ΛΙΟΣΙΑ (ΚΥΚΛΙΚΗ),3,153CE0,FFFFFF
358,871,Β1,ΠΕΙΡΑΙΑΣ - ΑΝΩ ΓΛΥΦΑΔΑ,3,153CE0,FFFFFF
359,872,845,ΠΕΙΡΑΙΑΣ - ΕΛΕΥΣΙΝΑ (ΜΕΣΩ ΘΗΒΩΝ),3,153CE0,FFFFFF
360,874,831,ΠΕΙΡΑΙΑΣ - ΑΙΓΑΛΕΩ,3,153CE0,FFFFFF
361,875,852,ΝΕΑΠΟΛΗ - ΣΤ. ΜΕΤΡΟ ΑΙΓΑΛΕΩ (ΚΥΚΛΙΚΗ),3,153CE0,FFFFFF
362,877,500,ΠΕΙΡΑΙΑΣ - ΚΗΦΙΣΙΑ(ΠΛ.ΠΛΑΤΑΝΟΥ) (ΝΥΧΤΕΡΙΝΗ),3,153CE0,FFFFFF
363,878,824,ΝΕΑΠΟΛΗ - ΑΓ. ΑΝΤΩΝΙΟΣ - ΠΕΙΡΑΙΑΣ Α (ΚΥΚΛΙΚΗ),3,153CE0,FFFFFF
364,879,856,ΑΙΓΑΛΕΩ - ΥΜΗΤΤΟΣ - ΔΑΦΝΗ,3,153CE0,FFFFFF
365,882,906,ΠΛ. ΚΑΡΑΪΣΚΑΚΗ - ΚΑΛΛΙΠΟΛΗ (ΚΥΚΛΙΚΗ),3,153CE0,FFFFFF
366,883,914,ΟΜΟΝΟΙΑ - ΛΑΧΑΝΑΓΟΡΑ - ΠΑΛ. ΚΟΚΚΙΝΙΑ (ΚΥΚΛΙΚΗ),3,153CE0,FFFFFF
367,885,300,ΠΛ. ΚΑΡΑΪΣΚΑΚΗ - ΤΖΑΝΕΙΟ (ΚΥΚΛΙΚΗ),3,153CE0,FFFFFF
368,886,750,ΑΤΤΙΚΟ ΝΟΣΟΚΟΜΕΙΟ - ΣΤ. ΜΕΤΡΟ ΑΙΓΑΛΕΩ - ΝΙΚΑΙΑ,3,153CE0,FFFFFF
369,890,819,ΠΕΡΑΜΑ - ΝΕΚΡ. ΣΧΙΣΤΟΥ,3,153CE0,FFFFFF
370,892,Χ96,ΠΕΙΡΑΙΑΣ - ΑΕΡ/ΝΑΣ ΑΘΗΝΩΝ (EXPRESS),3,153CE0,FFFFFF
371,899,821,ΑΓΙΑ ΑΝΑΣΤΑΣΙΑ - ΣΤ. ΑΓ. ΑΝΤΩΝΙΟΣ (ΚΥΚΛΙΚΗ),3,153CE0,FFFFFF
372,903,Β15,ΣΤ. ΛΑΡΙΣΗΣ - ΠΑΛΑΤΑΚΙ,3,153CE0,FFFFFF
373,904,537,ΑΧΑΡΝΑΙ - ΒΑΡΥΜΠΟΜΠΗ,3,153CE0,FFFFFF
374,905,728,ΑΧΑΡΝΑΙ- ΑΓ.ΠΕΤΡΟΣ- ΑΓ.ΙΩΑΝΝΗΣ-ΠΛΑΤΩΝΑΣ (ΚΥΚΛΙΚΗ),3,153CE0,FFFFFF
375,907,733,ΑΧΑΡΝΑΙ - ΑΝΩ ΛΙΟΣΙΑ (ΚΥΚΛΙΚΗ),3,153CE0,FFFFFF
376,909,752,ΑΧΑΡΝΑΙ - ΑΓ. ΙΩΑΝΝΗΣ - ΑΓ. ΠΕΤΡΟΣ (ΚΥΚΛΙΚΗ),3,153CE0,FFFFFF
377,911,878,ΑΧΑΡΝΑΙ - ΕΛΕΥΣΙΝΑ,3,153CE0,FFFFFF
378,912,879,ΑΧΑΡΝΑΙ - ΘΡΙΑΣΙΟ ΝΟΣΟΚΟΜΕΙΟ - ΕΛΕΥΣΙΝΑ,3,153CE0,FFFFFF
379,913,503,ΖΗΡΙΝΕΙΟ - ΒΑΡΥΜΠΟΜΠΗ,3,153CE0,FFFFFF
380,914,507,ΖΗΡΙΝΕΙΟ - ΡΟΔΟΠΟΛΗ - ΣΤΑΜΑΤΑ,3,153CE0,FFFFFF
381,916,536,ΖΗΡΙΝΕΙΟ - ΔΙΟΝΥΣΟΣ,3,153CE0,FFFFFF
382,917,535,ΖΗΡΙΝΕΙΟ - ΕΥΞΕΙΝΟΣ ΠΟΝΤΟΣ (ΚΥΚΛΙΚΗ),3,153CE0,FFFFFF
383,918,721,ΑΧΑΡΝΑΙ - ΚΗΦΙΣΙΑ (ΚΥΚΛΙΚΗ),3,153CE0,FFFFFF
384,924,164,ΣΤ. ΑΓ. ΔΗΜΗΤΡΙΟΣ - Κ. ΗΛ/ΠΟΛΗ - ΑΡΓ/ΠΟΛΗ - ΤΕΡΨΙΘΕΑ,3,153CE0,FFFFFF
385,926,203,ΚΑΡΕΑΣ - ΑΚΑΔΗΜΙΑ (ΚΥΚΛΙΚΗ),3,153CE0,FFFFFF
386,927,128,ΓΛΥΦΑΔΑ - ΤΕΡΨΙΘΕΑ (ΚΥΚΛΙΚΗ),3,153CE0,FFFFFF
387,929,116,ΓΛΥΦΑΔΑ - ΒΑΡΗ - ΚΙΤΣΙ,3,153CE0,FFFFFF
388,932,117,ΓΛΥΦΑΔΑ - ΒΟΥΛΙΑΓΜΕΝΗ - ΒΑΡΗ,3,153CE0,FFFFFF
389,933,205,ΓΛΥΦΑΔΑ - ΣΟΥΡΜΕΝΑ - ΤΕΡΨΙΘΕΑ ,3,153CE0,FFFFFF
390,934,815,ΓΟΥΔΗ - ΤΑΥΡΟΣ,3,153CE0,FFFFFF
391,935,622,ΓΟΥΔΗ - ΑΝΩ ΓΑΛΑΤΣΙ,3,153CE0,FFFFFF
392,937,140,ΠΟΛΥΓΩΝΟ - ΓΛΥΦΑΔΑ,3,153CE0,FFFFFF
393,938,040,ΠΕΙΡΑΙΑΣ - ΣΥΝΤΑΓΜΑ,3,153CE0,FFFFFF
394,939,101,ΑΛΙΜΟΣ - ΕΛΛΗΝΙΚΟ,3,153CE0,FFFFFF
395,940,120,ΓΛΥΦΑΔΑ - ΒΑΡΗ - ΠΡΟΑΣΤΙΑΚΟΣ ΣΤ. ΚΟΡΩΠΙΟΥ,3,153CE0,FFFFFF
396,942,142,ΣΤ. ΑΡΓΥΡΟΥΠΟΛΗ - ΚΑΛΑΜΑΚΙ (ΚΥΚΛΙΚΗ),3,153CE0,FFFFFF
397,944,162,ΒΟΥΛΑ - ΠΑΝΟΡΑΜΑ (ΚΥΚΛΙΚΗ),3,153CE0,FFFFFF
398,946,204,ΣΤΡ. ΣΑΚΕΤΑ - ΑΚΑΔΗΜΙΑ (ΚΥΚΛΙΚΗ),3,153CE0,FFFFFF
399,947,209,ΜΕΤΑΜΟΡΦΩΣΗ - ΣΥΝΤΑΓΜΑ (ΚΥΚΛΙΚΗ),3,153CE0,FFFFFF
400,948,212,ΣΤ. ΔΑΦΝΗ - ΥΜΗΤΤΟΣ - ΒΥΡΩΝΑΣ - ΚΑΡΕΑΣ,3,153CE0,FFFFFF
401,949,220,ΑΝΩ ΙΛΙΣΙΑ - ΑΚΑΔΗΜΙΑ (ΚΥΚΛΙΚΗ),3,153CE0,FFFFFF
402,950,235,ΖΩΓΡΑΦΟΥ - ΑΚΑΔΗΜΙΑ (ΚΥΚΛΙΚΗ),3,153CE0,FFFFFF
403,951,242,ΣΤ. ΚΑΤΕΧΑΚΗ - ΠΟΛΥΤΕΧΝΕΙΟΥΠΟΛΗ (ΚΥΚΛΙΚΗ),3,153CE0,FFFFFF
404,952,250,ΠΑΝΕΠΙΣΤΗΜΙΟΥΠΟΛΗ - ΣΤ. ΕΥΑΓΓΕΛΙΣΜΟΥ (ΚΥΚΛΙΚΗ),3,153CE0,FFFFFF
405,953,304,ΣΤ. ΝΟΜΙΣΜΑΤΟΚΟΠΕΙΟ - ΑΡΤΕΜΙΣ (ΒΡΑΥΡΩΝΑ),3,153CE0,FFFFFF
406,954,305,ΣΤ. ΝΟΜΙΣΜΑΤΟΚΟΠΕΙΟ - ΑΡΤΕΜΙΣ (ΑΓ. ΝΙΚΟΛΑΟΣ),3,153CE0,FFFFFF
407,955,308,ΣΤ. ΝΟΜΙΣΜΑΤΟΚΟΠΕΙΟ - ΠΑΙΑΝΙΑ - ΚΟΡΩΠΙ,3,153CE0,FFFFFF
408,959,550,Π. ΦΑΛΗΡΟ - ΚΗΦΙΣΙΑ,3,153CE0,FFFFFF
409,960,608,ΓΑΛΑΤΣΙ - ΑΚΑΔΗΜΙΑ - ΝΕΚΡ. ΖΩΓΡΑΦΟΥ,3,153CE0,FFFFFF
410,961,910,ΣΤ. ΣΥΓΓΡΟΥ ΦΙΞ - ΤΖΙΤΖΙΦΙΕΣ (ΚΥΚΛΙΚΗ),3,153CE0,FFFFFF
411,962,Α1,ΠΕΙΡΑΙΑΣ - ΒΟΥΛΑ,3,153CE0,FFFFFF
412,965,Α7,ΣΤΟΥΡΝΑΡΗ - ΚΗΦΙΣΙΑ (ΠΛΑΤΕΙΑ ΠΛΑΤΑΝΟΥ),3,153CE0,FFFFFF
413,967,421,ΑΓ. ΑΝΑΡΓΥΡΟΙ - ΑΓ. ΠΑΡΑΣΚΕΥΗ,3,153CE0,FFFFFF
414,969,843,ΠΕΙΡΑΙΑΣ - ΠΕΡΑΜΑ,3,153CE0,FFFFFF
415,975,230,ΑΚΡΟΠΟΛΗ - ΖΩΓΡΑΦΟΥ,3,153CE0,FFFFFF
416,976,447,ΧΑΛΑΝΔΡΙ - ΑΝΩ ΒΡΙΛΗΣΣΙΑ,3,153CE0,FFFFFF
417,977,501,ΠΕΥΚΗ - ΜΑΡΟΥΣΙ (ΚΥΚΛΙΚΗ),3,153CE0,FFFFFF
418,978,527,ΠΕΥΚΗ - ΝΕΡΑΤΖΙΩΤΙΣΣΑ (ΚΥΚΛΙΚΗ),3,153CE0,FFFFFF
419,979,541,ΜΕΤΑΜΟΡΦΩΣΗ - ΣΤ. ΑΜΑΡΟΥΣΙΟΥ (ΚΥΚΛΙΚΗ),3,153CE0,FFFFFF
420,981,602,Ν. ΙΩΝΙΑ - ΚΑΛΟΓΡΕΖΑ - ΣΤΑΘ. ΠΑΝΟΡΜΟΥ (ΚΥΚΛΙΚΗ),3,153CE0,FFFFFF
421,982,642,ΗΡΑΚΛΕΙΟ - ΑΓ. ΝΕΚΤΑΡΙΟΣ - ΠΕΥΚΗ (ΚΥΚΛΙΚΗ),3,153CE0,FFFFFF
422,983,604,ΝΟΣ. ΑΓ. ΑΝΑΡΓΥΡΟΙ - ΣΤ. ΜΕΤΑΜΟΡΦΩΣΗΣ - ΝΕΑ ΙΩΝΙΑ (ΚΥΚΛΙΚΗ),3,153CE0,FFFFFF
423,984,640,ΤΟΠΙΚΗ ΗΡΑΚΛΕΙΟΥ (ΚΥΚΛΙΚΗ),3,153CE0,FFFFFF
424,985,610,ΦΙΛΟΘΕΗ - ΑΜΠΕΛΟΚΗΠΟΙ (ΚΥΚΛΙΚΗ),3,153CE0,FFFFFF
425,986,705,ΚΑΜΑΤΕΡΟ - ΙΛΙΟΝ - ΠΛ. ΑΓ. ΑΝΑΡΓΥΡΩΝ - ΣΤ. ΑΝΘΟΥΠΟΛΗ (ΚΥΚΛΙΚΗ),3,153CE0,FFFFFF
426,987,701,ΚΑΜΑΤΕΡΟ - ΙΛΙΟΝ - ΣΤ. ΑΝΘΟΥΠΟΛΗ (ΚΥΚΛΙΚΗ),3,153CE0,FFFFFF
427,989,730,ΛΟΦΟΣ ΑΞΙΩΜΑΤΙΚΩΝ - ΣΤ. ΑΓ. ΑΝΤΩΝΙΟΣ - ΖΩΟΔ. ΠΗΓΗ,3,153CE0,FFFFFF
428,990,747,ΠΕΤΡΟΥΠΟΛΗ - ΠΑΝΟΡΑΜΑ - ΣΤ. ΑΝΘΟΥΠΟΛΗ (ΚΥΚΛΙΚΗ),3,153CE0,FFFFFF
429,991,876,ΕΛΕΥΣΙΝΑ - ΣΤ. ΑΓ. ΜΑΡΙΝΑ (ΚΥΚΛΙΚΗ),3,153CE0,FFFFFF
430,993,Χ14,ΣΥΝΤΑΓΜΑ - ΚΗΦΙΣΙΑ (EXPRESS),3,153CE0,FFFFFF
431,995,805,ΑΣΠΡΟΠΥΡΓΟΣ - ΝΕΟΚΤΙΣΤΑ,3,153CE0,FFFFFF
432,996,862,ΠΑΡΑΛΙΑ - ΑΝΩ ΕΛΕΥΣΙΝΑ,3,153CE0,FFFFFF
433,997,523,ΣΤΑΘΜΟΣ ΚΗΦΙΣΙΑΣ - ΑΔΑΜΕΣ Β (ΚΥΚΛΙΚΗ),3,153CE0,FFFFFF
434,998,522,ΣΤΑΘΜΟΣ ΚΗΦΙΣΙΑΣ - ΑΔΑΜΕΣ Α (ΚΥΚΛΙΚΗ),3,153CE0,FFFFFF
435,999,530,ΣΤΑΘΜΟΣ ΚΗΦΙΣΙΑΣ - ΜΕΛΙΣΣΙΑ - Ν. ΠΕΝΤΕΛΗ,3,153CE0,FFFFFF
